   0	4.489259e-02	inf	nan
   1	4.489259e-02	inf	nan
   2	4.489259e-02	inf	nan
   3	3.742560e-02	inf	nan
   4	3.742560e-02	inf	nan
   5	2.738715e-02	inf	nan
   6	2.728981e-02	inf	nan
   7	2.728981e-02	inf	nan
   8	2.728981e-02	inf	nan
   9	2.728981e-02	inf	nan
  10	2.728981e-02	inf	nan
  11	2.037339e-02	inf	nan
  12	2.037339e-02	inf	nan
  13	1.245663e-02	inf	nan
  14	1.245663e-02	inf	nan
  15	1.245663e-02	inf	nan
  16	1.245663e-02	inf	nan
  17	nan	nan	nan
  18	1.245663e-02	inf	nan
  19	1.245663e-02	inf	nan
  20	1.245663e-02	inf	nan
  21	1.245663e-02	inf	nan
  22	1.245663e-02	inf	nan
  23	1.245663e-02	inf	nan
  24	1.245663e-02	inf	nan
  25	1.182007e-02	inf	nan
  26	1.182007e-02	inf	nan
  27	1.182007e-02	inf	nan
  28	1.182007e-02	inf	nan
  29	1.171414e-02	inf	nan
  30	1.152441e-02	inf	nan
  31	1.152441e-02	inf	nan
  32	1.152441e-02	inf	nan
  33	1.152441e-02	inf	nan
  34	1.152441e-02	inf	nan
  35	1.152441e-02	inf	nan
  36	7.672625e-03	inf	nan
  37	7.672625e-03	inf	nan
  38	7.672625e-03	inf	nan
  39	7.672625e-03	inf	nan
  40	7.672625e-03	inf	nan
  41	7.672625e-03	inf	nan
  42	7.672625e-03	inf	nan
  43	7.672625e-03	inf	nan
  44	7.672625e-03	inf	nan
  45	7.672625e-03	inf	nan
  46	7.672625e-03	inf	nan
  47	7.672625e-03	inf	nan
  48	7.672625e-03	inf	nan
  49	6.803558e-03	inf	nan
  50	6.803558e-03	inf	nan
  51	6.803558e-03	inf	nan
  52	6.803558e-03	inf	nan
  53	6.803558e-03	inf	nan
  54	6.803558e-03	inf	nan
  55	6.803558e-03	inf	nan
  56	6.803558e-03	inf	nan
  57	nan	nan	nan
  58	6.803558e-03	inf	nan
  59	6.803558e-03	inf	nan
  60	6.803558e-03	inf	nan
  61	6.803558e-03	inf	nan
  62	6.803558e-03	inf	nan
  63	6.803558e-03	inf	nan
  64	6.803558e-03	inf	nan
  65	6.803558e-03	inf	nan
  66	6.803558e-03	inf	nan
  67	6.803558e-03	inf	nan
  68	6.803558e-03	inf	nan
  69	6.803558e-03	inf	nan
  70	6.803558e-03	inf	nan
  71	6.803558e-03	inf	nan
  72	6.803558e-03	inf	nan
  73	6.803558e-03	inf	nan
  74	6.803558e-03	inf	nan
  75	6.803558e-03	inf	nan
  76	6.803558e-03	inf	nan
  77	6.803558e-03	inf	nan
  78	6.803558e-03	inf	nan
  79	6.803558e-03	inf	nan
  80	6.803558e-03	inf	nan
  81	6.803558e-03	inf	nan
  82	6.803558e-03	inf	nan
  83	6.803558e-03	inf	nan
  84	6.803558e-03	inf	nan
  85	6.803558e-03	inf	nan
  86	6.803558e-03	inf	nan
  87	6.803558e-03	inf	nan
  88	6.803558e-03	inf	nan
  89	6.803558e-03	inf	nan
  90	6.803558e-03	inf	nan
  91	6.803558e-03	inf	nan
  92	6.803558e-03	inf	nan
  93	6.803558e-03	inf	nan
  94	6.803558e-03	inf	nan
  95	6.803558e-03	inf	nan
  96	6.803558e-03	inf	nan
  97	6.495863e-03	inf	nan
  98	6.495863e-03	inf	nan
  99	6.495863e-03	inf	nan
 100	6.495863e-03	inf	nan
 101	6.495863e-03	inf	nan
 102	5.913092e-03	inf	nan
 103	5.913092e-03	inf	nan
 104	5.913092e-03	inf	nan
 105	4.980228e-03	inf	nan
 106	4.980228e-03	inf	nan
 107	4.980228e-03	inf	nan
 108	4.980228e-03	inf	nan
 109	4.980228e-03	inf	nan
 110	4.980228e-03	inf	nan
 111	4.980228e-03	inf	nan
 112	4.980228e-03	inf	nan
 113	4.980228e-03	inf	nan
 114	4.980228e-03	inf	nan
 115	4.980228e-03	inf	nan
 116	4.980228e-03	inf	nan
 117	4.980228e-03	inf	nan
 118	4.980228e-03	inf	nan
 119	4.980228e-03	inf	nan
 120	4.980228e-03	inf	nan
 121	4.980228e-03	inf	nan
 122	4.980228e-03	inf	nan
 123	4.980228e-03	inf	nan
 124	4.980228e-03	inf	nan
 125	4.980228e-03	inf	nan
 126	4.980228e-03	inf	nan
 127	4.980228e-03	inf	nan
 128	4.980228e-03	inf	nan
 129	4.980228e-03	inf	nan
 130	4.980228e-03	inf	nan
 131	4.980228e-03	inf	nan
 132	4.980228e-03	inf	nan
 133	4.980228e-03	inf	nan
 134	4.980228e-03	inf	nan
 135	4.980228e-03	inf	nan
 136	4.980228e-03	inf	nan
 137	4.980228e-03	inf	nan
 138	4.980228e-03	inf	nan
 139	4.980228e-03	inf	nan
 140	4.980228e-03	inf	nan
 141	4.980228e-03	inf	nan
 142	4.980228e-03	inf	nan
 143	4.980228e-03	inf	nan
 144	4.980228e-03	inf	nan
 145	4.980228e-03	inf	nan
 146	4.980228e-03	inf	nan
 147	nan	nan	nan
 148	4.980228e-03	inf	nan
 149	4.005568e-03	inf	nan
 150	4.005568e-03	inf	nan
 151	4.005568e-03	inf	nan
 152	4.005568e-03	inf	nan
 153	4.005568e-03	inf	nan
 154	4.005568e-03	inf	nan
 155	4.005568e-03	inf	nan
 156	4.005568e-03	inf	nan
 157	4.005568e-03	inf	nan
 158	4.005568e-03	inf	nan
 159	4.005568e-03	inf	nan
 160	4.005568e-03	inf	nan
 161	4.005568e-03	inf	nan
 162	4.005568e-03	inf	nan
 163	nan	nan	nan
 164	4.005568e-03	inf	nan
 165	4.005568e-03	inf	nan
 166	4.005568e-03	inf	nan
 167	4.005568e-03	inf	nan
 168	4.005568e-03	inf	nan
 169	4.005568e-03	inf	nan
 170	4.005568e-03	inf	nan
 171	4.005568e-03	inf	nan
 172	4.005568e-03	inf	nan
 173	4.005568e-03	inf	nan
 174	4.005568e-03	inf	nan
 175	4.005568e-03	inf	nan
 176	4.005568e-03	inf	nan
 177	4.005568e-03	inf	nan
 178	4.005568e-03	inf	nan
 179	4.005568e-03	inf	nan
 180	4.005568e-03	inf	nan
 181	4.005568e-03	inf	nan
 182	4.005568e-03	inf	nan
 183	4.005568e-03	inf	nan
 184	4.005568e-03	inf	nan
 185	4.005568e-03	inf	nan
 186	4.005568e-03	inf	nan
 187	4.005568e-03	inf	nan
 188	4.005568e-03	inf	nan
 189	4.005568e-03	inf	nan
 190	4.005568e-03	inf	nan
 191	4.005568e-03	inf	nan
 192	4.005568e-03	inf	nan
 193	nan	nan	nan
 194	4.005568e-03	inf	nan
 195	4.005568e-03	inf	nan
 196	4.005568e-03	inf	nan
 197	4.005568e-03	inf	nan
 198	4.005568e-03	inf	nan
 199	4.005568e-03	inf	nan
 200	4.005568e-03	inf	nan
 201	4.005568e-03	inf	nan
 202	4.005568e-03	inf	nan
 203	4.005568e-03	inf	nan
 204	4.005568e-03	inf	nan
 205	4.005568e-03	inf	nan
 206	4.005568e-03	inf	nan
 207	4.005568e-03	inf	nan
 208	4.005568e-03	inf	nan
 209	4.005568e-03	inf	nan
 210	4.005568e-03	inf	nan
 211	4.005568e-03	inf	nan
 212	4.005568e-03	inf	nan
 213	4.005568e-03	inf	nan
 214	4.005568e-03	inf	nan
 215	nan	nan	nan
 216	4.005568e-03	inf	nan
 217	4.005568e-03	inf	nan
 218	4.005568e-03	inf	nan
 219	4.005568e-03	inf	nan
 220	4.005568e-03	inf	nan
 221	4.005568e-03	inf	nan
 222	4.005568e-03	inf	nan
 223	4.005568e-03	inf	nan
 224	4.005568e-03	inf	nan
 225	4.005568e-03	inf	nan
 226	4.005568e-03	inf	nan
 227	4.005568e-03	inf	nan
 228	4.005568e-03	inf	nan
 229	4.005568e-03	inf	nan
 230	4.005568e-03	inf	nan
 231	4.005568e-03	inf	nan
 232	4.005568e-03	inf	nan
 233	4.005568e-03	inf	nan
 234	4.005568e-03	inf	nan
 235	4.005568e-03	inf	nan
 236	4.005568e-03	inf	nan
 237	4.005568e-03	inf	nan
 238	4.005568e-03	inf	nan
 239	4.005568e-03	inf	nan
 240	4.005568e-03	inf	nan
 241	4.005568e-03	inf	nan
 242	4.005568e-03	inf	nan
 243	4.005568e-03	inf	nan
 244	4.005568e-03	inf	nan
 245	4.005568e-03	inf	nan
 246	4.005568e-03	inf	nan
 247	4.005568e-03	inf	nan
 248	4.005568e-03	inf	nan
 249	4.005568e-03	inf	nan
 250	4.005568e-03	inf	nan
 251	4.005568e-03	inf	nan
 252	4.005568e-03	inf	nan
 253	4.005568e-03	inf	nan
 254	4.005568e-03	inf	nan
 255	4.005568e-03	inf	nan
 256	4.005568e-03	inf	nan
 257	4.005568e-03	inf	nan
 258	4.005568e-03	inf	nan
 259	4.005568e-03	inf	nan
 260	4.005568e-03	inf	nan
 261	4.005568e-03	inf	nan
 262	4.005568e-03	inf	nan
 263	4.005568e-03	inf	nan
 264	4.005568e-03	inf	nan
 265	4.005568e-03	inf	nan
 266	4.005568e-03	inf	nan
 267	4.005568e-03	inf	nan
 268	4.005568e-03	inf	nan
 269	4.005568e-03	inf	nan
 270	4.005568e-03	inf	nan
 271	4.005568e-03	inf	nan
 272	4.005568e-03	inf	nan
 273	4.005568e-03	inf	nan
 274	4.005568e-03	inf	nan
 275	4.005568e-03	inf	nan
 276	4.005568e-03	inf	nan
 277	4.005568e-03	inf	nan
 278	4.005568e-03	inf	nan
 279	4.005568e-03	inf	nan
 280	4.005568e-03	inf	nan
 281	4.005568e-03	inf	nan
 282	3.976401e-03	inf	nan
 283	3.976401e-03	inf	nan
 284	3.976401e-03	inf	nan
 285	3.976401e-03	inf	nan
 286	nan	nan	nan
 287	3.976401e-03	inf	nan
 288	3.976401e-03	inf	nan
 289	3.976401e-03	inf	nan
 290	3.976401e-03	inf	nan
 291	3.976401e-03	inf	nan
 292	3.976401e-03	inf	nan
 293	3.976401e-03	inf	nan
 294	3.976401e-03	inf	nan
 295	3.976401e-03	inf	nan
 296	3.976401e-03	inf	nan
 297	3.976401e-03	inf	nan
 298	3.976401e-03	inf	nan
 299	3.976401e-03	inf	nan
 300	3.976401e-03	inf	nan
 301	3.976401e-03	inf	nan
 302	3.976401e-03	inf	nan
 303	3.976401e-03	inf	nan
 304	3.976401e-03	inf	nan
 305	3.976401e-03	inf	nan
 306	3.976401e-03	inf	nan
 307	3.976401e-03	inf	nan
 308	3.976401e-03	inf	nan
 309	3.976401e-03	inf	nan
 310	3.976401e-03	inf	nan
 311	3.976401e-03	inf	nan
 312	3.976401e-03	inf	nan
 313	3.976401e-03	inf	nan
 314	3.976401e-03	inf	nan
 315	3.976401e-03	inf	nan
 316	3.976401e-03	inf	nan
 317	3.976401e-03	inf	nan
 318	3.976401e-03	inf	nan
 319	3.976401e-03	inf	nan
 320	3.976401e-03	inf	nan
 321	3.976401e-03	inf	nan
 322	3.976401e-03	inf	nan
 323	3.976401e-03	inf	nan
 324	3.976401e-03	inf	nan
 325	3.976401e-03	inf	nan
 326	3.976401e-03	inf	nan
 327	3.976401e-03	inf	nan
 328	3.976401e-03	inf	nan
 329	3.976401e-03	inf	nan
 330	3.976401e-03	inf	nan
 331	3.976401e-03	inf	nan
 332	3.976401e-03	inf	nan
 333	3.976401e-03	inf	nan
 334	3.976401e-03	inf	nan
 335	3.976401e-03	inf	nan
 336	3.976401e-03	inf	nan
 337	3.976401e-03	inf	nan
 338	3.976401e-03	inf	nan
 339	3.976401e-03	inf	nan
 340	3.976401e-03	inf	nan
 341	3.976401e-03	inf	nan
 342	3.976401e-03	inf	nan
 343	3.976401e-03	inf	nan
 344	3.976401e-03	inf	nan
 345	3.976401e-03	inf	nan
 346	3.976401e-03	inf	nan
 347	3.976401e-03	inf	nan
 348	nan	nan	nan
 349	3.976401e-03	inf	nan
 350	3.976401e-03	inf	nan
 351	3.976401e-03	inf	nan
 352	3.976401e-03	inf	nan
 353	3.976401e-03	inf	nan
 354	3.976401e-03	inf	nan
 355	3.976401e-03	inf	nan
 356	3.976401e-03	inf	nan
 357	3.976401e-03	inf	nan
 358	3.976401e-03	inf	nan
 359	3.976401e-03	inf	nan
 360	3.976401e-03	inf	nan
 361	3.976401e-03	inf	nan
 362	3.976401e-03	inf	nan
 363	3.976401e-03	inf	nan
 364	3.976401e-03	inf	nan
 365	3.976401e-03	inf	nan
 366	3.976401e-03	inf	nan
 367	3.976401e-03	inf	nan
 368	3.976401e-03	inf	nan
 369	3.976401e-03	inf	nan
 370	3.976401e-03	inf	nan
 371	3.976401e-03	inf	nan
 372	3.976401e-03	inf	nan
 373	3.976401e-03	inf	nan
 374	3.976401e-03	inf	nan
 375	3.976401e-03	inf	nan
 376	3.976401e-03	inf	nan
 377	3.976401e-03	inf	nan
 378	3.976401e-03	inf	nan
 379	3.976401e-03	inf	nan
 380	3.976401e-03	inf	nan
 381	3.976401e-03	inf	nan
 382	3.976401e-03	inf	nan
 383	3.976401e-03	inf	nan
 384	3.976401e-03	inf	nan
 385	3.976401e-03	inf	nan
 386	3.976401e-03	inf	nan
 387	3.976401e-03	inf	nan
 388	3.976401e-03	inf	nan
 389	3.976401e-03	inf	nan
 390	3.976401e-03	inf	nan
 391	3.976401e-03	inf	nan
 392	3.976401e-03	inf	nan
 393	3.976401e-03	inf	nan
 394	3.976401e-03	inf	nan
 395	3.976401e-03	inf	nan
 396	3.976401e-03	inf	nan
 397	3.976401e-03	inf	nan
 398	3.976401e-03	inf	nan
 399	nan	nan	nan
 400	3.976401e-03	inf	nan
 401	3.976401e-03	inf	nan
 402	3.976401e-03	inf	nan
 403	3.976401e-03	inf	nan
 404	3.976401e-03	inf	nan
 405	3.976401e-03	inf	nan
 406	3.976401e-03	inf	nan
 407	3.976401e-03	inf	nan
 408	3.976401e-03	inf	nan
 409	3.976401e-03	inf	nan
 410	3.976401e-03	inf	nan
 411	nan	nan	nan
 412	3.976401e-03	inf	nan
 413	3.976401e-03	inf	nan
 414	3.976401e-03	inf	nan
 415	3.976401e-03	inf	nan
 416	3.976401e-03	inf	nan
 417	3.976401e-03	inf	nan
 418	3.976401e-03	inf	nan
 419	3.976401e-03	inf	nan
 420	3.976401e-03	inf	nan
 421	3.976401e-03	inf	nan
 422	3.976401e-03	inf	nan
 423	3.976401e-03	inf	nan
 424	3.976401e-03	inf	nan
 425	3.976401e-03	inf	nan
 426	3.976401e-03	inf	nan
 427	3.976401e-03	inf	nan
 428	nan	nan	nan
 429	3.976401e-03	inf	nan
 430	3.976401e-03	inf	nan
 431	3.976401e-03	inf	nan
 432	3.976401e-03	inf	nan
 433	3.976401e-03	inf	nan
 434	3.964208e-03	inf	nan
 435	3.964208e-03	inf	nan
 436	3.964208e-03	inf	nan
 437	3.964208e-03	inf	nan
 438	3.964208e-03	inf	nan
 439	3.964208e-03	inf	nan
 440	3.964208e-03	inf	nan
 441	3.964208e-03	inf	nan
 442	3.964208e-03	inf	nan
 443	3.964208e-03	inf	nan
 444	3.964208e-03	inf	nan
 445	3.964208e-03	inf	nan
 446	3.964208e-03	inf	nan
 447	3.964208e-03	inf	nan
 448	3.964208e-03	inf	nan
 449	3.787937e-03	inf	nan
 450	3.787937e-03	inf	nan
 451	3.787937e-03	inf	nan
 452	3.787937e-03	inf	nan
 453	3.787937e-03	inf	nan
 454	3.787937e-03	inf	nan
 455	3.787937e-03	inf	nan
 456	3.787937e-03	inf	nan
 457	3.787937e-03	inf	nan
 458	3.787937e-03	inf	nan
 459	3.787937e-03	inf	nan
 460	3.787937e-03	inf	nan
 461	3.787937e-03	inf	nan
 462	3.787937e-03	inf	nan
 463	3.787937e-03	inf	nan
 464	3.787937e-03	inf	nan
 465	3.787937e-03	inf	nan
 466	3.787937e-03	inf	nan
 467	3.787937e-03	inf	nan
 468	3.787937e-03	inf	nan
 469	3.787937e-03	inf	nan
 470	3.787937e-03	inf	nan
 471	3.787937e-03	inf	nan
 472	3.787937e-03	inf	nan
 473	3.787937e-03	inf	nan
 474	3.787937e-03	inf	nan
 475	3.787937e-03	inf	nan
 476	3.787937e-03	inf	nan
 477	3.787937e-03	inf	nan
 478	3.787937e-03	inf	nan
 479	nan	nan	nan
 480	3.787937e-03	inf	nan
 481	3.787937e-03	inf	nan
 482	3.787937e-03	inf	nan
 483	3.787937e-03	inf	nan
 484	3.787937e-03	inf	nan
 485	3.787937e-03	inf	nan
 486	3.787937e-03	inf	nan
 487	nan	nan	nan
 488	3.787937e-03	inf	nan
 489	3.787937e-03	inf	nan
 490	3.787937e-03	inf	nan
 491	3.787937e-03	inf	nan
 492	3.787937e-03	inf	nan
 493	3.787937e-03	inf	nan
 494	3.787937e-03	inf	nan
 495	3.787937e-03	inf	nan
 496	3.787937e-03	inf	nan
 497	3.787937e-03	inf	nan
 498	3.787937e-03	inf	nan
 499	3.787937e-03	inf	nan
 500	3.787937e-03	inf	nan
 501	3.787937e-03	inf	nan
 502	3.787937e-03	inf	nan
 503	3.787937e-03	inf	nan
 504	3.787937e-03	inf	nan
 505	3.787937e-03	inf	nan
 506	3.787937e-03	inf	nan
 507	3.787937e-03	inf	nan
 508	3.787937e-03	inf	nan
 509	3.787937e-03	inf	nan
 510	3.787937e-03	inf	nan
 511	3.787937e-03	inf	nan
 512	3.787937e-03	inf	nan
 513	3.787937e-03	inf	nan
 514	3.787937e-03	inf	nan
 515	3.787937e-03	inf	nan
 516	3.787937e-03	inf	nan
 517	3.787937e-03	inf	nan
 518	3.787937e-03	inf	nan
 519	3.787937e-03	inf	nan
 520	3.787937e-03	inf	nan
 521	3.787937e-03	inf	nan
 522	3.787937e-03	inf	nan
 523	3.787937e-03	inf	nan
 524	3.787937e-03	inf	nan
 525	nan	nan	nan
 526	3.787937e-03	inf	nan
 527	nan	nan	nan
 528	3.787937e-03	inf	nan
 529	3.787937e-03	inf	nan
 530	3.787937e-03	inf	nan
 531	3.787937e-03	inf	nan
 532	3.787937e-03	inf	nan
 533	3.787937e-03	inf	nan
 534	3.586410e-03	inf	nan
 535	3.586410e-03	inf	nan
 536	3.586410e-03	inf	nan
 537	3.586410e-03	inf	nan
 538	3.586410e-03	inf	nan
 539	nan	nan	nan
 540	3.586410e-03	inf	nan
 541	3.586410e-03	inf	nan
 542	3.586410e-03	inf	nan
 543	3.586410e-03	inf	nan
 544	3.586410e-03	inf	nan
 545	3.586410e-03	inf	nan
 546	3.586410e-03	inf	nan
 547	3.586410e-03	inf	nan
 548	3.586410e-03	inf	nan
 549	3.586410e-03	inf	nan
 550	3.586410e-03	inf	nan
 551	3.586410e-03	inf	nan
 552	3.586410e-03	inf	nan
 553	nan	nan	nan
 554	3.586410e-03	inf	nan
 555	3.586410e-03	inf	nan
 556	3.586410e-03	inf	nan
 557	3.586410e-03	inf	nan
 558	3.586410e-03	inf	nan
 559	3.586410e-03	inf	nan
 560	3.586410e-03	inf	nan
 561	3.586410e-03	inf	nan
 562	3.586410e-03	inf	nan
 563	3.586410e-03	inf	nan
 564	3.586410e-03	inf	nan
 565	3.586410e-03	inf	nan
 566	3.586410e-03	inf	nan
 567	3.586410e-03	inf	nan
 568	3.586410e-03	inf	nan
 569	nan	nan	nan
 570	3.586410e-03	inf	nan
 571	3.586410e-03	inf	nan
 572	3.586410e-03	inf	nan
 573	3.586410e-03	inf	nan
 574	3.586410e-03	inf	nan
 575	nan	nan	nan
 576	3.586410e-03	inf	nan
 577	3.586410e-03	inf	nan
 578	3.586410e-03	inf	nan
 579	3.586410e-03	inf	nan
 580	3.586410e-03	inf	nan
 581	3.586410e-03	inf	nan
 582	3.586410e-03	inf	nan
 583	3.586410e-03	inf	nan
 584	3.586410e-03	inf	nan
 585	3.586410e-03	inf	nan
 586	3.586410e-03	inf	nan
 587	3.586410e-03	inf	nan
 588	3.586410e-03	inf	nan
 589	3.586410e-03	inf	nan
 590	3.586410e-03	inf	nan
 591	3.586410e-03	inf	nan
 592	3.586410e-03	inf	nan
 593	3.586410e-03	inf	nan
 594	3.586410e-03	inf	nan
 595	3.586410e-03	inf	nan
 596	3.586410e-03	inf	nan
 597	3.586410e-03	inf	nan
 598	3.586410e-03	inf	nan
 599	3.586410e-03	inf	nan
 600	3.586410e-03	inf	nan
 601	3.586410e-03	inf	nan
 602	3.586410e-03	inf	nan
 603	3.586410e-03	inf	nan
 604	3.586410e-03	inf	nan
 605	3.586410e-03	inf	nan
 606	3.586410e-03	inf	nan
 607	3.586410e-03	inf	nan
 608	3.586410e-03	inf	nan
 609	3.586410e-03	inf	nan
 610	3.586410e-03	inf	nan
 611	3.586410e-03	inf	nan
 612	3.586410e-03	inf	nan
 613	3.586410e-03	inf	nan
 614	3.586410e-03	inf	nan
 615	3.586410e-03	inf	nan
 616	3.586410e-03	inf	nan
 617	3.586410e-03	inf	nan
 618	3.586410e-03	inf	nan
 619	3.586410e-03	inf	nan
 620	3.586410e-03	inf	nan
 621	3.586410e-03	inf	nan
 622	3.586410e-03	inf	nan
 623	3.586410e-03	inf	nan
 624	3.586410e-03	inf	nan
 625	3.586410e-03	inf	nan
 626	3.586410e-03	inf	nan
 627	3.586410e-03	inf	nan
 628	3.586410e-03	inf	nan
 629	3.586410e-03	inf	nan
 630	3.586410e-03	inf	nan
 631	3.586410e-03	inf	nan
 632	3.586410e-03	inf	nan
 633	3.586410e-03	inf	nan
 634	3.586410e-03	inf	nan
 635	3.586410e-03	inf	nan
 636	3.586410e-03	inf	nan
 637	3.586410e-03	inf	nan
 638	3.586410e-03	inf	nan
 639	3.586410e-03	inf	nan
 640	3.586410e-03	inf	nan
 641	3.586410e-03	inf	nan
 642	3.586410e-03	inf	nan
 643	3.586410e-03	inf	nan
 644	3.586410e-03	inf	nan
 645	3.586410e-03	inf	nan
 646	3.586410e-03	inf	nan
 647	3.586410e-03	inf	nan
 648	3.586410e-03	inf	nan
 649	3.586410e-03	inf	nan
 650	3.586410e-03	inf	nan
 651	3.586410e-03	inf	nan
 652	nan	nan	nan
 653	3.586410e-03	inf	nan
 654	3.586410e-03	inf	nan
 655	3.586410e-03	inf	nan
 656	3.586410e-03	inf	nan
 657	3.586410e-03	inf	nan
 658	3.586410e-03	inf	nan
 659	3.586410e-03	inf	nan
 660	3.586410e-03	inf	nan
 661	3.586410e-03	inf	nan
 662	3.586410e-03	inf	nan
 663	3.586410e-03	inf	nan
 664	3.586410e-03	inf	nan
 665	3.586410e-03	inf	nan
 666	3.586410e-03	inf	nan
 667	3.586410e-03	inf	nan
 668	3.586410e-03	inf	nan
 669	3.586410e-03	inf	nan
 670	3.586410e-03	inf	nan
 671	3.586410e-03	inf	nan
 672	3.586410e-03	inf	nan
 673	3.586410e-03	inf	nan
 674	3.586410e-03	inf	nan
 675	3.586410e-03	inf	nan
 676	3.586410e-03	inf	nan
 677	3.586410e-03	inf	nan
 678	3.586410e-03	inf	nan
 679	3.586410e-03	inf	nan
 680	3.586410e-03	inf	nan
 681	3.586410e-03	inf	nan
 682	3.586410e-03	inf	nan
 683	3.586410e-03	inf	nan
 684	3.586410e-03	inf	nan
 685	3.586410e-03	inf	nan
 686	3.586410e-03	inf	nan
 687	3.586410e-03	inf	nan
 688	3.586410e-03	inf	nan
 689	3.586410e-03	inf	nan
 690	3.586410e-03	inf	nan
 691	3.586410e-03	inf	nan
 692	3.586410e-03	inf	nan
 693	3.586410e-03	inf	nan
 694	3.586410e-03	inf	nan
 695	3.586410e-03	inf	nan
 696	3.586410e-03	inf	nan
 697	3.586410e-03	inf	nan
 698	3.586410e-03	inf	nan
 699	3.586410e-03	inf	nan
 700	3.586410e-03	inf	nan
 701	3.586410e-03	inf	nan
 702	3.586410e-03	inf	nan
 703	3.586410e-03	inf	nan
 704	3.586410e-03	inf	nan
 705	3.586410e-03	inf	nan
 706	3.586410e-03	inf	nan
 707	3.586410e-03	inf	nan
 708	3.586410e-03	inf	nan
 709	3.586410e-03	inf	nan
 710	3.586410e-03	inf	nan
 711	3.586410e-03	inf	nan
 712	3.586410e-03	inf	nan
 713	3.530935e-03	inf	nan
 714	3.530935e-03	inf	nan
 715	3.530935e-03	inf	nan
 716	3.530935e-03	inf	nan
 717	3.530935e-03	inf	nan
 718	3.530935e-03	inf	nan
 719	3.530935e-03	inf	nan
 720	3.530935e-03	inf	nan
 721	3.530935e-03	inf	nan
 722	3.530935e-03	inf	nan
 723	3.530935e-03	inf	nan
 724	3.530935e-03	inf	nan
 725	3.530935e-03	inf	nan
 726	3.530935e-03	inf	nan
 727	3.530935e-03	inf	nan
 728	3.530935e-03	inf	nan
 729	3.530935e-03	inf	nan
 730	3.530935e-03	inf	nan
 731	3.530935e-03	inf	nan
 732	3.530935e-03	inf	nan
 733	3.530935e-03	inf	nan
 734	3.530935e-03	inf	nan
 735	3.530935e-03	inf	nan
 736	3.530935e-03	inf	nan
 737	3.530935e-03	inf	nan
 738	3.530935e-03	inf	nan
 739	nan	nan	nan
 740	3.530935e-03	inf	nan
 741	3.530935e-03	inf	nan
 742	3.530935e-03	inf	nan
 743	3.530935e-03	inf	nan
 744	3.530935e-03	inf	nan
 745	3.530935e-03	inf	nan
 746	3.530935e-03	inf	nan
 747	nan	nan	nan
 748	3.530935e-03	inf	nan
 749	3.530935e-03	inf	nan
 750	3.530935e-03	inf	nan
 751	3.530935e-03	inf	nan
 752	3.530935e-03	inf	nan
 753	3.530935e-03	inf	nan
 754	3.530935e-03	inf	nan
 755	nan	nan	nan
 756	3.530935e-03	inf	nan
 757	3.530935e-03	inf	nan
 758	nan	nan	nan
 759	3.530935e-03	inf	nan
 760	3.530935e-03	inf	nan
 761	3.530935e-03	inf	nan
 762	3.530935e-03	inf	nan
 763	3.530935e-03	inf	nan
 764	3.530935e-03	inf	nan
 765	3.530935e-03	inf	nan
 766	3.530935e-03	inf	nan
 767	3.530935e-03	inf	nan
 768	3.530935e-03	inf	nan
 769	3.530935e-03	inf	nan
 770	3.530935e-03	inf	nan
 771	3.530935e-03	inf	nan
 772	3.530935e-03	inf	nan
 773	3.530935e-03	inf	nan
 774	3.530935e-03	inf	nan
 775	3.530935e-03	inf	nan
 776	3.530935e-03	inf	nan
 777	3.530935e-03	inf	nan
 778	3.530935e-03	inf	nan
 779	3.530935e-03	inf	nan
 780	3.530935e-03	inf	nan
 781	3.530935e-03	inf	nan
 782	3.530935e-03	inf	nan
 783	3.530935e-03	inf	nan
 784	3.530935e-03	inf	nan
 785	3.530935e-03	inf	nan
 786	3.530935e-03	inf	nan
 787	3.530935e-03	inf	nan
 788	3.530935e-03	inf	nan
 789	3.530935e-03	inf	nan
 790	3.530935e-03	inf	nan
 791	3.530935e-03	inf	nan
 792	3.530935e-03	inf	nan
 793	3.530935e-03	inf	nan
 794	3.530935e-03	inf	nan
 795	3.530935e-03	inf	nan
 796	3.530935e-03	inf	nan
 797	3.530935e-03	inf	nan
 798	3.530935e-03	inf	nan
 799	3.530935e-03	inf	nan
 800	3.530935e-03	inf	nan
 801	3.530935e-03	inf	nan
 802	3.530935e-03	inf	nan
 803	3.530935e-03	inf	nan
 804	3.530935e-03	inf	nan
 805	3.530935e-03	inf	nan
 806	3.530935e-03	inf	nan
 807	3.530935e-03	inf	nan
 808	3.530935e-03	inf	nan
 809	3.530935e-03	inf	nan
 810	3.530935e-03	inf	nan
 811	3.530935e-03	inf	nan
 812	3.530935e-03	inf	nan
 813	3.530935e-03	inf	nan
 814	3.530935e-03	inf	nan
 815	3.530935e-03	inf	nan
 816	3.530935e-03	inf	nan
 817	3.530935e-03	inf	nan
 818	3.530935e-03	inf	nan
 819	3.530935e-03	inf	nan
 820	3.530935e-03	inf	nan
 821	3.530935e-03	inf	nan
 822	3.530935e-03	inf	nan
 823	3.530935e-03	inf	nan
 824	3.530935e-03	inf	nan
 825	3.530935e-03	inf	nan
 826	3.530935e-03	inf	nan
 827	3.530935e-03	inf	nan
 828	nan	nan	nan
 829	3.530935e-03	inf	nan
 830	3.530935e-03	inf	nan
 831	3.530935e-03	inf	nan
 832	3.530935e-03	inf	nan
 833	3.530935e-03	inf	nan
 834	3.530935e-03	inf	nan
 835	3.530935e-03	inf	nan
 836	3.530935e-03	inf	nan
 837	nan	nan	nan
 838	3.530935e-03	inf	nan
 839	nan	nan	nan
 840	3.530935e-03	inf	nan
 841	3.530935e-03	inf	nan
 842	3.530935e-03	inf	nan
 843	3.530935e-03	inf	nan
 844	3.530935e-03	inf	nan
 845	3.530935e-03	inf	nan
 846	3.530935e-03	inf	nan
 847	3.530935e-03	inf	nan
 848	3.530935e-03	inf	nan
 849	3.530935e-03	inf	nan
 850	3.530935e-03	inf	nan
 851	3.530935e-03	inf	nan
 852	3.530935e-03	inf	nan
 853	3.530935e-03	inf	nan
 854	3.530935e-03	inf	nan
 855	3.530935e-03	inf	nan
 856	3.530935e-03	inf	nan
 857	3.530935e-03	inf	nan
 858	3.530935e-03	inf	nan
 859	3.530935e-03	inf	nan
 860	3.530935e-03	inf	nan
 861	3.530935e-03	inf	nan
 862	3.530935e-03	inf	nan
 863	2.704457e-03	inf	nan
 864	2.704457e-03	inf	nan
 865	2.704457e-03	inf	nan
 866	2.704457e-03	inf	nan
 867	nan	nan	nan
 868	nan	nan	nan
 869	nan	nan	nan
 870	2.704457e-03	inf	nan
 871	2.704457e-03	inf	nan
 872	nan	nan	nan
 873	2.704457e-03	inf	nan
 874	2.704457e-03	inf	nan
 875	2.704457e-03	inf	nan
 876	2.704457e-03	inf	nan
 877	2.704457e-03	inf	nan
 878	2.704457e-03	inf	nan
 879	2.704457e-03	inf	nan
 880	2.704457e-03	inf	nan
 881	2.704457e-03	inf	nan
 882	2.704457e-03	inf	nan
 883	2.704457e-03	inf	nan
 884	2.704457e-03	inf	nan
 885	2.704457e-03	inf	nan
 886	2.704457e-03	inf	nan
 887	2.704457e-03	inf	nan
 888	2.704457e-03	inf	nan
 889	2.704457e-03	inf	nan
 890	2.704457e-03	inf	nan
 891	2.704457e-03	inf	nan
 892	2.704457e-03	inf	nan
 893	2.704457e-03	inf	nan
 894	2.704457e-03	inf	nan
 895	2.704457e-03	inf	nan
 896	2.704457e-03	inf	nan
 897	2.704457e-03	inf	nan
 898	2.704457e-03	inf	nan
 899	2.704457e-03	inf	nan
 900	2.704457e-03	inf	nan
 901	2.704457e-03	inf	nan
 902	2.704457e-03	inf	nan
 903	2.704457e-03	inf	nan
 904	nan	nan	nan
 905	2.704457e-03	inf	nan
 906	2.704457e-03	inf	nan
 907	2.704457e-03	inf	nan
 908	2.704457e-03	inf	nan
 909	2.704457e-03	inf	nan
 910	2.704457e-03	inf	nan
 911	2.704457e-03	inf	nan
 912	2.704457e-03	inf	nan
 913	2.704457e-03	inf	nan
 914	2.704457e-03	inf	nan
 915	2.704457e-03	inf	nan
 916	2.704457e-03	inf	nan
 917	nan	nan	nan
 918	2.704457e-03	inf	nan
 919	nan	nan	nan
 920	2.704457e-03	inf	nan
 921	nan	nan	nan
 922	2.704457e-03	inf	nan
 923	2.704457e-03	inf	nan
 924	2.704457e-03	inf	nan
 925	2.704457e-03	inf	nan
 926	2.704457e-03	inf	nan
 927	2.704457e-03	inf	nan
 928	2.704457e-03	inf	nan
 929	2.704457e-03	inf	nan
 930	2.704457e-03	inf	nan
 931	2.704457e-03	inf	nan
 932	2.704457e-03	inf	nan
 933	2.704457e-03	inf	nan
 934	2.704457e-03	inf	nan
 935	2.704457e-03	inf	nan
 936	2.704457e-03	inf	nan
 937	2.704457e-03	inf	nan
 938	2.704457e-03	inf	nan
 939	2.704457e-03	inf	nan
 940	2.704457e-03	inf	nan
 941	2.704457e-03	inf	nan
 942	2.704457e-03	inf	nan
 943	2.704457e-03	inf	nan
 944	2.704457e-03	inf	nan
 945	2.704457e-03	inf	nan
 946	2.704457e-03	inf	nan
 947	2.704457e-03	inf	nan
 948	2.704457e-03	inf	nan
 949	2.704457e-03	inf	nan
 950	2.704457e-03	inf	nan
 951	2.704457e-03	inf	nan
 952	2.704457e-03	inf	nan
 953	2.704457e-03	inf	nan
 954	2.704457e-03	inf	nan
 955	2.704457e-03	inf	nan
 956	nan	nan	nan
 957	2.704457e-03	inf	nan
 958	2.704457e-03	inf	nan
 959	2.704457e-03	inf	nan
 960	2.704457e-03	inf	nan
 961	2.704457e-03	inf	nan
 962	2.704457e-03	inf	nan
 963	2.704457e-03	inf	nan
 964	2.704457e-03	inf	nan
 965	2.704457e-03	inf	nan
 966	2.704457e-03	inf	nan
 967	2.704457e-03	inf	nan
 968	2.704457e-03	inf	nan
 969	2.704457e-03	inf	nan
 970	nan	nan	nan
 971	nan	nan	nan
 972	2.704457e-03	inf	nan
 973	2.704457e-03	inf	nan
 974	2.704457e-03	inf	nan
 975	2.704457e-03	inf	nan
 976	2.704457e-03	inf	nan
 977	2.704457e-03	inf	nan
 978	2.704457e-03	inf	nan
 979	2.704457e-03	inf	nan
 980	2.704457e-03	inf	nan
 981	2.704457e-03	inf	nan
 982	nan	nan	nan
 983	2.704457e-03	inf	nan
 984	2.704457e-03	inf	nan
 985	2.704457e-03	inf	nan
 986	2.704457e-03	inf	nan
 987	2.704457e-03	inf	nan
 988	nan	nan	nan
 989	2.704457e-03	inf	nan
 990	2.704457e-03	inf	nan
 991	2.704457e-03	inf	nan
 992	2.704457e-03	inf	nan
 993	2.704457e-03	inf	nan
 994	nan	nan	nan
 995	nan	nan	nan
 996	2.704457e-03	inf	nan
 997	2.704457e-03	inf	nan
 998	2.704457e-03	inf	nan
 999	2.704457e-03	inf	nan
1000	2.704457e-03	inf	nan
