,genotype,fitness,mapping_values,tree_depth,phenotype,other_info
0,"[[0], [0], [0], [0], [0, 0, 0], [0, 0], [0], [0, 0, 0, 0, 0, 0], [0, 0], [0, 1, 0, 1], [0, 0], [0, 0, 0, 0, 0, 0, 0, 0], [0, 0, 0, 0], [0, 0, 0, 0, 0, 0], [0, 0, 0, 0, 0, 0], [4, 2, 3, 3, 3, 3, 8, 6, 8, 6, 4, 6, 3, 1, 4, 8, 6, 5, 0, 0, 1, 3, 2, 4, 6, 5, 9, 9, 3, 1, 1, 0, 1, 5, 8, 2, 6, 4, 0, 4, 8, 9, 0, 3, 8, 3, 0, 7, 2, 8, 5, 9, 4, 9, 0, 9]]",0.0065113528085709565,"[1, 1, 1, 1, 3, 2, 1, 6, 2, 4, 2, 7, 4, 6, 6, 52]",6,(0.423*(1-0.333*(x[0]-38.6)|_div_|86.46)|_div_|(1+_exp_((33.1-x[0])|_div_|48.65)))*(1-_sig_(0.2*(x[0]-(00.13+32.4))))+0.659*(1-0.931)*_exp_((10.15+38.2-x[0])|_div_|64.04)|_div_|(1+_exp_((38.9-x[0])|_div_|03.83))*_sig_(0.2*(x[0]-(07.28+35.9))),"{'generation': 0, 'evals': 1, 'test_error': 0.0}"
1,"[[0], [0], [0], [0], [0, 0, 0], [0, 0], [0], [0, 0, 0, 0, 0, 0], [0, 0], [1, 1, 0, 1], [0, 0], [0, 0, 0, 0, 0, 0, 0, 0], [0, 0, 0, 0], [0, 0, 0, 0, 0, 0], [0, 0, 0, 0, 0, 0], [4, 2, 3, 6, 3, 3, 8, 6, 8, 8, 4, 6, 3, 1, 4, 8, 6, 6, 0, 0, 1, 3, 4, 4, 6, 5, 9, 9, 4, 1, 1, 8, 1, 1, 8, 2, 7, 4, 0, 4, 8, 9, 0, 3, 8, 3, 0, 7, 6, 3, 5, 9, 4, 9, 0, 9]]",0.006844227265662612,"[1, 1, 1, 1, 3, 2, 1, 6, 2, 4, 2, 7, 4, 6, 6, 52]",6,(0.423*(1-0.633*(x[0]-38.6)|_div_|88.46)|_div_|(1+_exp_((33.1-x[0])|_div_|48.66)))*(1-_sig_(0.2*(x[0]-(00.13+34.4))))+0.659*(1-0.941)*_exp_((18.11+38.2-x[0])|_div_|74.04)|_div_|(1+_exp_((38.9-x[0])|_div_|03.83))*_sig_(0.2*(x[0]-(07.63+35.9))),"{'generation': 0, 'evals': 1, 'test_error': 0.0}"
2,"[[0], [0], [0], [0], [0, 0, 0], [0, 0], [0], [0, 0, 0, 0, 0, 0], [0, 0], [0, 2, 1, 0], [0, 0], [0, 0, 0, 0, 0, 0, 0, 0], [0, 0, 0, 0], [0, 0, 0, 0, 0, 0], [0, 0, 0, 0, 0, 0], [1, 0, 5, 9, 7, 3, 2, 6, 9, 3, 8, 5, 1, 7, 3, 5, 9, 8, 1, 0, 2, 7, 1, 3, 6, 5, 5, 9, 3, 3, 1, 7, 8, 8, 2, 9, 6, 1, 3, 2, 8, 4, 0, 3, 8, 8, 0, 7, 0, 9, 5, 7, 4, 9, 0, 9]]",0.006885986097410252,"[1, 1, 1, 1, 3, 2, 1, 6, 2, 4, 2, 7, 4, 6, 6, 52]",6,(0.105*(1-0.973*(x[0]-32.6)|_div_|93.85)|_div_|(1+_exp_((31.7-x[0])|_div_|35.98)))*(1-_sig_(0.2*(x[0]-(10.27+31.3))))+0.655*(1-0.933)*_exp_((17.88+32.9-x[0])|_div_|61.32)|_div_|(1+_exp_((38.4-x[0])|_div_|03.88))*_sig_(0.2*(x[0]-(07.09+35.7))),"{'generation': 0, 'evals': 1, 'test_error': 0.0}"
3,"[[0], [0], [0], [0], [0, 0, 0], [0, 0], [0], [0, 0, 0, 0, 0, 0], [0, 0], [0, 2, 1, 1], [0, 0], [0, 0, 0, 0, 0, 0, 0, 0], [0, 0, 0, 0], [0, 0, 0, 0, 0, 0], [0, 0, 0, 0, 0, 0], [1, 3, 3, 3, 3, 6, 8, 7, 8, 6, 4, 4, 6, 2, 7, 8, 0, 0, 0, 7, 1, 7, 9, 7, 6, 5, 5, 9, 3, 1, 1, 9, 3, 9, 9, 0, 5, 4, 8, 4, 6, 9, 0, 3, 8, 8, 0, 3, 8, 1, 5, 9, 4, 9, 0, 9]]",0.007118807605585679,"[1, 1, 1, 1, 3, 2, 1, 6, 2, 4, 2, 7, 4, 6, 6, 52]",6,(0.133*(1-0.336*(x[0]-38.7)|_div_|86.44)|_div_|(1+_exp_((36.2-x[0])|_div_|78.00)))*(1-_sig_(0.2*(x[0]-(07.17+39.7))))+0.655*(1-0.931)*_exp_((19.39+39.0-x[0])|_div_|54.84)|_div_|(1+_exp_((36.9-x[0])|_div_|03.88))*_sig_(0.2*(x[0]-(03.81+35.9))),"{'generation': 0, 'evals': 1, 'test_error': 0.0}"
4,"[[0], [0], [0], [0], [0, 0, 0], [0, 0], [0], [0, 0, 0, 0, 0, 0], [0, 0], [0, 2, 1, 1], [0, 0], [0, 0, 0, 0, 0, 0, 0, 0], [0, 0, 0, 0], [0, 0, 0, 0, 0, 0], [0, 0, 0, 0, 0, 0], [1, 3, 3, 3, 3, 3, 8, 6, 8, 6, 4, 4, 3, 2, 7, 8, 5, 0, 0, 0, 1, 7, 9, 8, 6, 5, 9, 9, 3, 1, 1, 0, 3, 5, 8, 2, 5, 4, 8, 4, 8, 9, 0, 3, 8, 8, 0, 7, 2, 8, 5, 9, 4, 9, 0, 9]]",0.0072774302145305735,"[1, 1, 1, 1, 3, 2, 1, 6, 2, 4, 2, 7, 4, 6, 6, 52]",6,(0.133*(1-0.333*(x[0]-38.6)|_div_|86.44)|_div_|(1+_exp_((33.2-x[0])|_div_|78.50)))*(1-_sig_(0.2*(x[0]-(00.17+39.8))))+0.659*(1-0.931)*_exp_((10.35+38.2-x[0])|_div_|54.84)|_div_|(1+_exp_((38.9-x[0])|_div_|03.88))*_sig_(0.2*(x[0]-(07.28+35.9))),"{'generation': 0, 'evals': 1, 'test_error': 0.0}"
5,"[[0], [0], [0], [0], [0, 0, 0], [0, 0], [0], [0, 0, 0, 0, 0, 0], [0, 0], [1, 2, 2, 2], [0, 0], [0, 0, 0, 0, 0, 0, 0, 0], [0, 0, 0, 0], [0, 0, 0, 0, 0, 0], [0, 0, 0, 0, 0, 0], [4, 2, 4, 0, 9, 7, 4, 1, 8, 7, 8, 6, 4, 9, 8, 8, 8, 6, 0, 2, 1, 0, 8, 4, 6, 5, 4, 9, 3, 2, 1, 0, 3, 1, 8, 4, 6, 9, 1, 0, 8, 2, 0, 3, 8, 9, 0, 7, 5, 8, 5, 2, 4, 9, 0, 9]]",0.007317695574449107,"[1, 1, 1, 1, 3, 2, 1, 6, 2, 4, 2, 7, 4, 6, 6, 52]",6,(0.424*(1-0.097*(x[0]-34.1)|_div_|87.86)|_div_|(1+_exp_((34.9-x[0])|_div_|88.86)))*(1-_sig_(0.2*(x[0]-(02.10+38.4))))+0.654*(1-0.932)*_exp_((10.31+38.4-x[0])|_div_|69.10)|_div_|(1+_exp_((38.2-x[0])|_div_|03.89))*_sig_(0.2*(x[0]-(07.58+35.2))),"{'generation': 0, 'evals': 1, 'test_error': 0.0}"
6,"[[0], [0], [0], [0], [0, 0, 0], [0, 0], [0], [0, 0, 0, 0, 0, 0], [0, 0], [0, 2, 0, 0], [0, 0], [0, 0, 0, 0, 0, 0, 0, 0], [0, 0, 0, 0], [0, 0, 0, 0, 0, 0], [0, 0, 0, 0, 0, 0], [1, 6, 5, 9, 7, 3, 2, 3, 9, 3, 9, 7, 4, 7, 3, 4, 9, 2, 1, 0, 2, 7, 1, 3, 6, 5, 9, 9, 3, 3, 1, 7, 3, 6, 4, 9, 6, 6, 3, 2, 8, 4, 0, 3, 8, 8, 0, 7, 0, 8, 5, 9, 4, 9, 0, 9]]",0.007431524722428014,"[1, 1, 1, 1, 3, 2, 1, 6, 2, 4, 2, 7, 4, 6, 6, 52]",6,(0.165*(1-0.973*(x[0]-32.3)|_div_|93.97)|_div_|(1+_exp_((34.7-x[0])|_div_|34.92)))*(1-_sig_(0.2*(x[0]-(10.27+31.3))))+0.659*(1-0.933)*_exp_((17.36+34.9-x[0])|_div_|66.32)|_div_|(1+_exp_((38.4-x[0])|_div_|03.88))*_sig_(0.2*(x[0]-(07.08+35.9))),"{'generation': 0, 'evals': 1, 'test_error': 0.0}"
7,"[[0], [0], [0], [0], [0, 0, 0], [0, 0], [0], [0, 0, 0, 0, 0, 0], [0, 0], [2, 1, 2, 0], [0, 0], [0, 0, 0, 0, 0, 0, 0, 0], [0, 0, 0, 0], [0, 0, 0, 0, 0, 0], [0, 0, 0, 0, 0, 0], [2, 1, 5, 7, 2, 1, 1, 3, 9, 6, 9, 2, 6, 7, 3, 1, 4, 2, 1, 0, 2, 7, 3, 5, 6, 5, 3, 9, 3, 0, 1, 5, 8, 1, 4, 8, 6, 4, 3, 9, 8, 2, 0, 3, 8, 8, 0, 5, 5, 8, 6, 9, 4, 9, 0, 9]]",0.007445286132440036,"[1, 1, 1, 1, 3, 2, 1, 6, 2, 4, 2, 7, 4, 6, 6, 52]",6,(0.215*(1-0.721*(x[0]-31.3)|_div_|96.92)|_div_|(1+_exp_((36.7-x[0])|_div_|31.42)))*(1-_sig_(0.2*(x[0]-(10.27+33.5))))+0.653*(1-0.930)*_exp_((15.81+34.8-x[0])|_div_|64.39)|_div_|(1+_exp_((38.2-x[0])|_div_|03.88))*_sig_(0.2*(x[0]-(05.58+36.9))),"{'generation': 0, 'evals': 1, 'test_error': 0.0}"
8,"[[0], [0], [0], [0], [0, 0, 0], [0, 0], [0], [0, 0, 0, 0, 0, 0], [0, 0], [2, 1, 0, 2], [0, 0], [0, 0, 0, 0, 0, 0, 0, 0], [0, 0, 0, 0], [0, 0, 0, 0, 0, 0], [0, 0, 0, 0, 0, 0], [1, 1, 5, 8, 2, 1, 1, 3, 9, 6, 9, 6, 6, 7, 3, 4, 9, 2, 1, 0, 3, 7, 1, 3, 6, 6, 9, 9, 3, 0, 1, 0, 3, 6, 4, 9, 6, 5, 3, 2, 8, 4, 0, 3, 8, 8, 0, 7, 3, 8, 5, 9, 4, 9, 0, 9]]",0.007609344521866918,"[1, 1, 1, 1, 3, 2, 1, 6, 2, 4, 2, 7, 4, 6, 6, 52]",6,(0.115*(1-0.821*(x[0]-31.3)|_div_|96.96)|_div_|(1+_exp_((36.7-x[0])|_div_|34.92)))*(1-_sig_(0.2*(x[0]-(10.37+31.3))))+0.669*(1-0.930)*_exp_((10.36+34.9-x[0])|_div_|65.32)|_div_|(1+_exp_((38.4-x[0])|_div_|03.88))*_sig_(0.2*(x[0]-(07.38+35.9))),"{'generation': 0, 'evals': 1, 'test_error': 0.0}"
9,"[[0], [0], [0], [0], [0, 0, 0], [0, 0], [0], [0, 0, 0, 0, 0, 0], [0, 0], [2, 1, 0, 1], [0, 0], [0, 0, 0, 0, 0, 0, 0, 0], [0, 0, 0, 0], [0, 0, 0, 0, 0, 0], [0, 0, 0, 0, 0, 0], [4, 2, 3, 3, 3, 7, 6, 6, 8, 6, 4, 6, 3, 1, 8, 8, 6, 6, 0, 0, 1, 3, 6, 4, 6, 5, 9, 9, 3, 2, 1, 0, 3, 5, 8, 2, 6, 4, 1, 4, 8, 3, 0, 3, 8, 3, 0, 7, 0, 8, 5, 8, 4, 9, 0, 9]]",0.007703763196844873,"[1, 1, 1, 1, 3, 2, 1, 6, 2, 4, 2, 7, 4, 6, 6, 52]",6,(0.423*(1-0.337*(x[0]-36.6)|_div_|86.46)|_div_|(1+_exp_((33.1-x[0])|_div_|88.66)))*(1-_sig_(0.2*(x[0]-(00.13+36.4))))+0.659*(1-0.932)*_exp_((10.35+38.2-x[0])|_div_|64.14)|_div_|(1+_exp_((38.3-x[0])|_div_|03.83))*_sig_(0.2*(x[0]-(07.08+35.8))),"{'generation': 0, 'evals': 1, 'test_error': 0.0}"
10,"[[0], [0], [0], [0], [0, 0, 0], [0, 0], [0], [0, 0, 0, 0, 0, 0], [0, 0], [0, 0, 1, 2], [0, 0], [0, 0, 0, 0, 0, 0, 0, 0], [0, 0, 0, 0], [0, 0, 0, 0, 0, 0], [0, 0, 0, 0, 0, 0], [0, 5, 7, 2, 7, 5, 3, 9, 6, 1, 4, 0, 6, 6, 5, 2, 9, 4, 7, 1, 5, 0, 5, 3, 5, 8, 8, 9, 4, 1, 4, 7, 0, 6, 0, 0, 6, 0, 2, 4, 3, 9, 0, 3, 8, 6, 0, 2, 0, 7, 4, 4, 5, 3, 0, 9]]",0.00781610946580195,"[1, 1, 1, 1, 3, 2, 1, 6, 2, 4, 2, 7, 4, 6, 6, 52]",6,(0.057*(1-0.275*(x[0]-33.9)|_div_|61.40)|_div_|(1+_exp_((36.6-x[0])|_div_|52.94)))*(1-_sig_(0.2*(x[0]-(71.50+35.3))))+0.588*(1-0.941)*_exp_((47.06+30.0-x[0])|_div_|60.24)|_div_|(1+_exp_((33.9-x[0])|_div_|03.86))*_sig_(0.2*(x[0]-(02.07+34.4))),"{'generation': 0, 'evals': 1, 'test_error': 0.0}"
11,"[[0], [0], [0], [0], [0, 0, 0], [0, 0], [0], [0, 0, 0, 0, 0, 0], [0, 0], [0, 2, 0, 0], [0, 0], [0, 0, 0, 0, 0, 0, 0, 0], [0, 0, 0, 0], [0, 0, 0, 0, 0, 0], [0, 0, 0, 0, 0, 0], [4, 2, 4, 0, 3, 7, 8, 5, 8, 6, 8, 6, 9, 7, 8, 8, 8, 6, 0, 1, 1, 7, 6, 4, 6, 5, 4, 9, 3, 2, 1, 0, 3, 5, 8, 4, 6, 8, 1, 0, 8, 2, 0, 3, 8, 9, 0, 7, 0, 8, 5, 8, 4, 9, 0, 9]]",0.007823213046483507,"[1, 1, 1, 1, 3, 2, 1, 6, 2, 4, 2, 7, 4, 6, 6, 52]",6,(0.424*(1-0.037*(x[0]-38.5)|_div_|86.86)|_div_|(1+_exp_((39.7-x[0])|_div_|88.86)))*(1-_sig_(0.2*(x[0]-(01.17+36.4))))+0.654*(1-0.932)*_exp_((10.35+38.4-x[0])|_div_|68.10)|_div_|(1+_exp_((38.2-x[0])|_div_|03.89))*_sig_(0.2*(x[0]-(07.08+35.8))),"{'generation': 0, 'evals': 1, 'test_error': 0.0}"
12,"[[0], [0], [0], [0], [0, 0, 0], [0, 0], [0], [0, 0, 0, 0, 0, 0], [0, 0], [2, 1, 0, 1], [0, 0], [0, 0, 0, 0, 0, 0, 0, 0], [0, 0, 0, 0], [0, 0, 0, 0, 0, 0], [0, 0, 0, 0, 0, 0], [1, 1, 5, 8, 2, 1, 1, 3, 9, 6, 9, 6, 6, 7, 3, 4, 9, 2, 1, 0, 2, 7, 1, 3, 6, 5, 9, 9, 3, 0, 1, 0, 0, 6, 4, 9, 6, 6, 3, 2, 8, 2, 0, 3, 8, 8, 0, 7, 0, 8, 5, 9, 4, 9, 0, 9]]",0.007861564327340533,"[1, 1, 1, 1, 3, 2, 1, 6, 2, 4, 2, 7, 4, 6, 6, 52]",6,(0.115*(1-0.821*(x[0]-31.3)|_div_|96.96)|_div_|(1+_exp_((36.7-x[0])|_div_|34.92)))*(1-_sig_(0.2*(x[0]-(10.27+31.3))))+0.659*(1-0.930)*_exp_((10.06+34.9-x[0])|_div_|66.32)|_div_|(1+_exp_((38.2-x[0])|_div_|03.88))*_sig_(0.2*(x[0]-(07.08+35.9))),"{'generation': 0, 'evals': 1, 'test_error': 0.0}"
13,"[[0], [0], [0], [0], [0, 0, 0], [0, 0], [0], [0, 0, 0, 0, 0, 0], [0, 0], [1, 0, 0, 2], [0, 0], [0, 0, 0, 0, 0, 0, 0, 0], [0, 0, 0, 0], [0, 0, 0, 0, 0, 0], [0, 0, 0, 0, 0, 0], [2, 1, 5, 7, 3, 9, 8, 5, 9, 3, 7, 1, 4, 9, 3, 4, 3, 0, 1, 0, 7, 3, 4, 5, 6, 8, 3, 9, 3, 3, 2, 2, 6, 1, 4, 0, 6, 7, 3, 9, 8, 4, 0, 3, 8, 8, 0, 5, 3, 8, 6, 5, 4, 9, 0, 9]]",0.007984145323089283,"[1, 1, 1, 1, 3, 2, 1, 6, 2, 4, 2, 7, 4, 6, 6, 52]",6,(0.215*(1-0.739*(x[0]-38.5)|_div_|93.71)|_div_|(1+_exp_((34.9-x[0])|_div_|34.30)))*(1-_sig_(0.2*(x[0]-(10.73+34.5))))+0.683*(1-0.933)*_exp_((22.61+34.0-x[0])|_div_|67.39)|_div_|(1+_exp_((38.4-x[0])|_div_|03.88))*_sig_(0.2*(x[0]-(05.38+36.5))),"{'generation': 0, 'evals': 1, 'test_error': 0.0}"
14,"[[0], [0], [0], [0], [0, 0, 0], [0, 0], [0], [0, 0, 0, 0, 0, 0], [0, 0], [2, 1, 0, 1], [0, 0], [0, 0, 0, 0, 0, 0, 0, 0], [0, 0, 0, 0], [0, 0, 0, 0, 0, 0], [0, 0, 0, 0, 0, 0], [0, 2, 5, 1, 0, 7, 6, 5, 9, 6, 9, 6, 6, 8, 4, 4, 9, 6, 3, 1, 2, 7, 7, 1, 6, 5, 9, 9, 3, 0, 1, 0, 5, 6, 7, 6, 6, 4, 0, 3, 8, 2, 0, 3, 8, 8, 0, 7, 0, 8, 5, 8, 4, 9, 0, 9]]",0.008060687342197054,"[1, 1, 1, 1, 3, 2, 1, 6, 2, 4, 2, 7, 4, 6, 6, 52]",6,(0.025*(1-0.107*(x[0]-36.5)|_div_|96.96)|_div_|(1+_exp_((36.8-x[0])|_div_|44.96)))*(1-_sig_(0.2*(x[0]-(31.27+37.1))))+0.659*(1-0.930)*_exp_((10.56+37.6-x[0])|_div_|64.03)|_div_|(1+_exp_((38.2-x[0])|_div_|03.88))*_sig_(0.2*(x[0]-(07.08+35.8))),"{'generation': 0, 'evals': 1, 'test_error': 0.0}"
15,"[[0], [0], [0], [0], [0, 0, 0], [0, 0], [0], [0, 0, 0, 0, 0, 0], [0, 0], [2, 1, 2, 0], [0, 0], [0, 0, 0, 0, 0, 0, 0, 0], [0, 0, 0, 0], [0, 0, 0, 0, 0, 0], [0, 0, 0, 0, 0, 0], [2, 1, 8, 7, 6, 3, 2, 3, 9, 5, 9, 2, 6, 7, 3, 1, 3, 2, 1, 0, 2, 7, 3, 5, 6, 6, 3, 9, 3, 0, 1, 5, 5, 1, 4, 8, 7, 4, 5, 6, 8, 2, 0, 3, 8, 8, 0, 5, 5, 8, 6, 9, 4, 9, 0, 9]]",0.008208823152519364,"[1, 1, 1, 1, 3, 2, 1, 6, 2, 4, 2, 7, 4, 6, 6, 52]",6,(0.218*(1-0.763*(x[0]-32.3)|_div_|95.92)|_div_|(1+_exp_((36.7-x[0])|_div_|31.32)))*(1-_sig_(0.2*(x[0]-(10.27+33.5))))+0.663*(1-0.930)*_exp_((15.51+34.8-x[0])|_div_|74.56)|_div_|(1+_exp_((38.2-x[0])|_div_|03.88))*_sig_(0.2*(x[0]-(05.58+36.9))),"{'generation': 0, 'evals': 1, 'test_error': 0.0}"
16,"[[0], [0], [0], [0], [0, 0, 0], [0, 0], [0], [0, 0, 0, 0, 0, 0], [0, 0], [0, 0, 1, 2], [0, 0], [0, 0, 0, 0, 0, 0, 0, 0], [0, 0, 0, 0], [0, 0, 0, 0, 0, 0], [0, 0, 0, 0, 0, 0], [0, 5, 7, 2, 7, 5, 3, 9, 6, 1, 4, 0, 4, 6, 9, 4, 7, 4, 7, 1, 5, 2, 5, 7, 5, 8, 8, 9, 4, 3, 4, 7, 0, 6, 0, 7, 6, 0, 2, 4, 3, 4, 0, 3, 8, 6, 0, 2, 0, 2, 4, 0, 5, 3, 0, 9]]",0.008273187734475222,"[1, 1, 1, 1, 3, 2, 1, 6, 2, 4, 2, 7, 4, 6, 6, 52]",6,(0.057*(1-0.275*(x[0]-33.9)|_div_|61.40)|_div_|(1+_exp_((34.6-x[0])|_div_|94.74)))*(1-_sig_(0.2*(x[0]-(71.52+35.7))))+0.588*(1-0.943)*_exp_((47.06+30.7-x[0])|_div_|60.24)|_div_|(1+_exp_((33.4-x[0])|_div_|03.86))*_sig_(0.2*(x[0]-(02.02+34.0))),"{'generation': 0, 'evals': 1, 'test_error': 0.0}"
17,"[[0], [0], [0], [0], [0, 0, 0], [0, 0], [0], [0, 0, 0, 0, 0, 0], [0, 0], [1, 0, 0, 0], [0, 0], [0, 0, 0, 0, 0, 0, 0, 0], [0, 0, 0, 0], [0, 0, 0, 0, 0, 0], [0, 0, 0, 0, 0, 0], [1, 8, 8, 0, 2, 6, 6, 4, 9, 3, 9, 6, 8, 7, 4, 4, 0, 4, 6, 0, 6, 7, 1, 1, 6, 5, 0, 9, 3, 0, 2, 0, 9, 5, 4, 4, 4, 3, 3, 7, 8, 2, 0, 3, 8, 8, 0, 6, 0, 5, 5, 1, 4, 9, 0, 9]]",0.008281048181048321,"[1, 1, 1, 1, 3, 2, 1, 6, 2, 4, 2, 7, 4, 6, 6, 52]",6,(0.188*(1-0.026*(x[0]-36.4)|_div_|93.96)|_div_|(1+_exp_((38.7-x[0])|_div_|44.04)))*(1-_sig_(0.2*(x[0]-(60.67+31.1))))+0.650*(1-0.930)*_exp_((20.95+34.4-x[0])|_div_|43.37)|_div_|(1+_exp_((38.2-x[0])|_div_|03.88))*_sig_(0.2*(x[0]-(06.05+35.1))),"{'generation': 0, 'evals': 1, 'test_error': 0.0}"
18,"[[0], [0], [0], [0], [0, 0, 0], [0, 0], [0], [0, 0, 0, 0, 0, 0], [0, 0], [2, 1, 0, 1], [0, 0], [0, 0, 0, 0, 0, 0, 0, 0], [0, 0, 0, 0], [0, 0, 0, 0, 0, 0], [0, 0, 0, 0, 0, 0], [0, 2, 5, 1, 2, 7, 6, 6, 9, 6, 9, 6, 6, 7, 3, 4, 9, 6, 3, 1, 2, 7, 1, 4, 6, 5, 9, 9, 3, 0, 1, 0, 0, 6, 8, 9, 6, 8, 1, 3, 8, 2, 0, 3, 8, 8, 0, 7, 0, 8, 5, 8, 4, 9, 0, 9]]",0.008288389529108554,"[1, 1, 1, 1, 3, 2, 1, 6, 2, 4, 2, 7, 4, 6, 6, 52]",6,(0.025*(1-0.127*(x[0]-36.6)|_div_|96.96)|_div_|(1+_exp_((36.7-x[0])|_div_|34.96)))*(1-_sig_(0.2*(x[0]-(31.27+31.4))))+0.659*(1-0.930)*_exp_((10.06+38.9-x[0])|_div_|68.13)|_div_|(1+_exp_((38.2-x[0])|_div_|03.88))*_sig_(0.2*(x[0]-(07.08+35.8))),"{'generation': 0, 'evals': 1, 'test_error': 0.0}"
19,"[[0], [0], [0], [0], [0, 0, 0], [0, 0], [0], [0, 0, 0, 0, 0, 0], [0, 0], [0, 1, 1, 1], [0, 0], [0, 0, 0, 0, 0, 0, 0, 0], [0, 0, 0, 0], [0, 0, 0, 0, 0, 0], [0, 0, 0, 0, 0, 0], [1, 3, 1, 0, 2, 1, 4, 3, 9, 7, 1, 2, 8, 7, 3, 4, 1, 7, 6, 0, 4, 2, 2, 6, 6, 7, 0, 9, 3, 9, 1, 8, 8, 9, 4, 9, 6, 9, 3, 2, 8, 2, 0, 3, 8, 8, 0, 7, 0, 6, 5, 9, 4, 9, 0, 9]]",0.00845257120442058,"[1, 1, 1, 1, 3, 2, 1, 6, 2, 4, 2, 7, 4, 6, 6, 52]",6,(0.131*(1-0.021*(x[0]-34.3)|_div_|97.12)|_div_|(1+_exp_((38.7-x[0])|_div_|34.17)))*(1-_sig_(0.2*(x[0]-(60.42+32.6))))+0.670*(1-0.939)*_exp_((18.89+34.9-x[0])|_div_|69.32)|_div_|(1+_exp_((38.2-x[0])|_div_|03.88))*_sig_(0.2*(x[0]-(07.06+35.9))),"{'generation': 0, 'evals': 1, 'test_error': 0.0}"
20,"[[0], [0], [0], [0], [0, 0, 0], [0, 0], [0], [0, 0, 0, 0, 0, 0], [0, 0], [1, 0, 0, 0], [0, 0], [0, 0, 0, 0, 0, 0, 0, 0], [0, 0, 0, 0], [0, 0, 0, 0, 0, 0], [0, 0, 0, 0, 0, 0], [0, 6, 1, 1, 8, 7, 6, 2, 9, 6, 9, 6, 6, 7, 3, 9, 9, 6, 3, 6, 2, 7, 1, 5, 6, 5, 9, 9, 3, 1, 1, 0, 0, 6, 8, 1, 6, 0, 1, 7, 8, 2, 0, 3, 8, 8, 0, 7, 0, 8, 5, 8, 4, 9, 0, 9]]",0.008533647974919952,"[1, 1, 1, 1, 3, 2, 1, 6, 2, 4, 2, 7, 4, 6, 6, 52]",6,(0.061*(1-0.187*(x[0]-36.2)|_div_|96.96)|_div_|(1+_exp_((36.7-x[0])|_div_|39.96)))*(1-_sig_(0.2*(x[0]-(36.27+31.5))))+0.659*(1-0.931)*_exp_((10.06+38.1-x[0])|_div_|60.17)|_div_|(1+_exp_((38.2-x[0])|_div_|03.88))*_sig_(0.2*(x[0]-(07.08+35.8))),"{'generation': 0, 'evals': 1, 'test_error': 0.0}"
21,"[[0], [0], [0], [0], [0, 0, 0], [0, 0], [0], [0, 0, 0, 0, 0, 0], [0, 0], [0, 2, 2, 0], [0, 0], [0, 0, 0, 0, 0, 0, 0, 0], [0, 0, 0, 0], [0, 0, 0, 0, 0, 0], [0, 0, 0, 0, 0, 0], [2, 1, 5, 2, 4, 1, 1, 8, 9, 6, 9, 2, 6, 7, 3, 1, 1, 2, 1, 9, 9, 7, 3, 7, 0, 5, 3, 1, 3, 0, 1, 5, 8, 1, 4, 8, 6, 4, 3, 9, 8, 3, 0, 3, 8, 6, 0, 5, 5, 8, 6, 9, 4, 9, 0, 9]]",0.008569830133021943,"[1, 1, 1, 1, 3, 2, 1, 6, 2, 4, 2, 7, 4, 6, 6, 52]",6,(0.215*(1-0.241*(x[0]-31.8)|_div_|96.92)|_div_|(1+_exp_((36.7-x[0])|_div_|31.12)))*(1-_sig_(0.2*(x[0]-(19.97+33.7))))+0.053*(1-0.130)*_exp_((15.81+34.8-x[0])|_div_|64.39)|_div_|(1+_exp_((38.3-x[0])|_div_|03.86))*_sig_(0.2*(x[0]-(05.58+36.9))),"{'generation': 0, 'evals': 1, 'test_error': 0.0}"
22,"[[0], [0], [0], [0], [0, 0, 0], [0, 0], [0], [0, 0, 0, 0, 0, 0], [0, 0], [0, 2, 0, 0], [0, 0], [0, 0, 0, 0, 0, 0, 0, 0], [0, 0, 0, 0], [0, 0, 0, 0, 0, 0], [0, 0, 0, 0, 0, 0], [0, 2, 7, 2, 7, 5, 3, 9, 8, 2, 4, 0, 6, 9, 5, 2, 9, 2, 7, 1, 5, 0, 5, 3, 4, 8, 2, 9, 4, 1, 4, 7, 0, 1, 7, 0, 6, 0, 2, 4, 3, 5, 0, 3, 8, 6, 0, 2, 0, 7, 4, 4, 5, 3, 0, 9]]",0.00857603449211274,"[1, 1, 1, 1, 3, 2, 1, 6, 2, 4, 2, 7, 4, 6, 6, 52]",6,(0.027*(1-0.275*(x[0]-33.9)|_div_|82.40)|_div_|(1+_exp_((36.9-x[0])|_div_|52.92)))*(1-_sig_(0.2*(x[0]-(71.50+35.3))))+0.482*(1-0.941)*_exp_((47.01+37.0-x[0])|_div_|60.24)|_div_|(1+_exp_((33.5-x[0])|_div_|03.86))*_sig_(0.2*(x[0]-(02.07+34.4))),"{'generation': 0, 'evals': 1, 'test_error': 0.0}"
23,"[[0], [0], [0], [0], [0, 0, 0], [0, 0], [0], [0, 0, 0, 0, 0, 0], [0, 0], [0, 1, 1, 2], [0, 0], [0, 0, 0, 0, 0, 0, 0, 0], [0, 0, 0, 0], [0, 0, 0, 0, 0, 0], [0, 0, 0, 0, 0, 0], [6, 5, 8, 0, 4, 1, 4, 3, 9, 7, 9, 6, 2, 9, 3, 4, 5, 7, 3, 0, 2, 2, 6, 6, 6, 5, 0, 9, 3, 0, 1, 5, 1, 6, 4, 5, 6, 9, 3, 2, 8, 6, 0, 3, 8, 9, 0, 7, 0, 6, 5, 9, 4, 9, 0, 9]]",0.008596122156260572,"[1, 1, 1, 1, 3, 2, 1, 6, 2, 4, 2, 7, 4, 6, 6, 52]",6,(0.658*(1-0.041*(x[0]-34.3)|_div_|97.96)|_div_|(1+_exp_((32.9-x[0])|_div_|34.57)))*(1-_sig_(0.2*(x[0]-(30.22+36.6))))+0.650*(1-0.930)*_exp_((15.16+34.5-x[0])|_div_|69.32)|_div_|(1+_exp_((38.6-x[0])|_div_|03.89))*_sig_(0.2*(x[0]-(07.06+35.9))),"{'generation': 0, 'evals': 1, 'test_error': 0.0}"
24,"[[0], [0], [0], [0], [0, 0, 0], [0, 0], [0], [0, 0, 0, 0, 0, 0], [0, 0], [2, 2, 2, 1], [0, 0], [0, 0, 0, 0, 0, 0, 0, 0], [0, 0, 0, 0], [0, 0, 0, 0, 0, 0], [0, 0, 0, 0, 0, 0], [1, 9, 9, 0, 2, 1, 4, 3, 9, 7, 9, 6, 6, 7, 3, 4, 9, 2, 1, 0, 2, 7, 2, 6, 6, 5, 9, 9, 3, 0, 1, 0, 0, 6, 4, 9, 6, 9, 3, 2, 8, 2, 0, 3, 8, 8, 0, 7, 0, 8, 5, 9, 4, 9, 0, 9]]",0.0086201108567121,"[1, 1, 1, 1, 3, 2, 1, 6, 2, 4, 2, 7, 4, 6, 6, 52]",6,(0.199*(1-0.021*(x[0]-34.3)|_div_|97.96)|_div_|(1+_exp_((36.7-x[0])|_div_|34.92)))*(1-_sig_(0.2*(x[0]-(10.27+32.6))))+0.659*(1-0.930)*_exp_((10.06+34.9-x[0])|_div_|69.32)|_div_|(1+_exp_((38.2-x[0])|_div_|03.88))*_sig_(0.2*(x[0]-(07.08+35.9))),"{'generation': 0, 'evals': 1, 'test_error': 0.0}"
25,"[[0], [0], [0], [0], [0, 0, 0], [0, 0], [0], [0, 0, 0, 0, 0, 0], [0, 0], [2, 1, 1, 2], [0, 0], [0, 0, 0, 0, 0, 0, 0, 0], [0, 0, 0, 0], [0, 0, 0, 0, 0, 0], [0, 0, 0, 0, 0, 0], [1, 3, 9, 0, 2, 2, 4, 3, 9, 7, 1, 6, 6, 3, 3, 4, 9, 2, 1, 0, 2, 4, 2, 6, 6, 2, 9, 9, 4, 0, 1, 8, 3, 7, 9, 3, 5, 9, 3, 2, 8, 2, 0, 3, 8, 8, 0, 7, 0, 8, 5, 9, 4, 9, 0, 9]]",0.008637622865682376,"[1, 1, 1, 1, 3, 2, 1, 6, 2, 4, 2, 7, 4, 6, 6, 52]",6,(0.139*(1-0.022*(x[0]-34.3)|_div_|97.16)|_div_|(1+_exp_((36.3-x[0])|_div_|34.92)))*(1-_sig_(0.2*(x[0]-(10.24+32.6))))+0.629*(1-0.940)*_exp_((18.37+39.3-x[0])|_div_|59.32)|_div_|(1+_exp_((38.2-x[0])|_div_|03.88))*_sig_(0.2*(x[0]-(07.08+35.9))),"{'generation': 0, 'evals': 1, 'test_error': 0.0}"
26,"[[0], [0], [0], [0], [0, 0, 0], [0, 0], [0], [0, 0, 0, 0, 0, 0], [0, 0], [0, 1, 0, 1], [0, 0], [0, 0, 0, 0, 0, 0, 0, 0], [0, 0, 0, 0], [0, 0, 0, 0, 0, 0], [0, 0, 0, 0, 0, 0], [1, 3, 8, 0, 2, 1, 4, 3, 9, 7, 9, 6, 2, 7, 3, 4, 2, 2, 3, 0, 2, 2, 6, 6, 6, 5, 0, 9, 3, 0, 1, 0, 8, 6, 4, 8, 6, 9, 3, 2, 8, 2, 0, 3, 8, 8, 0, 7, 0, 6, 5, 9, 4, 9, 0, 9]]",0.008724216299097773,"[1, 1, 1, 1, 3, 2, 1, 6, 2, 4, 2, 7, 4, 6, 6, 52]",6,(0.138*(1-0.021*(x[0]-34.3)|_div_|97.96)|_div_|(1+_exp_((32.7-x[0])|_div_|34.22)))*(1-_sig_(0.2*(x[0]-(30.22+36.6))))+0.650*(1-0.930)*_exp_((10.86+34.8-x[0])|_div_|69.32)|_div_|(1+_exp_((38.2-x[0])|_div_|03.88))*_sig_(0.2*(x[0]-(07.06+35.9))),"{'generation': 0, 'evals': 1, 'test_error': 0.0}"
27,"[[0], [0], [0], [0], [0, 0, 0], [0, 0], [0], [0, 0, 0, 0, 0, 0], [0, 0], [0, 1, 0, 1], [0, 0], [0, 0, 0, 0, 0, 0, 0, 0], [0, 0, 0, 0], [0, 0, 0, 0, 0, 0], [0, 0, 0, 0, 0, 0], [2, 5, 5, 7, 3, 9, 8, 5, 6, 3, 7, 1, 2, 9, 4, 8, 3, 0, 1, 0, 9, 2, 4, 5, 6, 1, 3, 9, 3, 5, 2, 2, 6, 1, 8, 0, 6, 8, 3, 9, 8, 4, 0, 3, 8, 7, 0, 5, 3, 8, 6, 5, 4, 9, 0, 9]]",0.008737786695621358,"[1, 1, 1, 1, 3, 2, 1, 6, 2, 4, 2, 7, 4, 6, 6, 52]",6,(0.255*(1-0.739*(x[0]-38.5)|_div_|63.71)|_div_|(1+_exp_((32.9-x[0])|_div_|48.30)))*(1-_sig_(0.2*(x[0]-(10.92+34.5))))+0.613*(1-0.935)*_exp_((22.61+38.0-x[0])|_div_|68.39)|_div_|(1+_exp_((38.4-x[0])|_div_|03.87))*_sig_(0.2*(x[0]-(05.38+36.5))),"{'generation': 0, 'evals': 1, 'test_error': 0.0}"
28,"[[0], [0], [0], [0], [0, 0, 0], [0, 0], [0], [0, 0, 0, 0, 0, 0], [0, 0], [1, 0, 2, 2], [0, 0], [0, 0, 0, 0, 0, 0, 0, 0], [0, 0, 0, 0], [0, 0, 0, 0, 0, 0], [0, 0, 0, 0, 0, 0], [2, 4, 4, 7, 3, 9, 8, 5, 7, 3, 7, 1, 4, 0, 3, 6, 8, 0, 1, 0, 7, 3, 4, 5, 6, 8, 1, 9, 3, 3, 2, 2, 2, 1, 4, 0, 7, 7, 3, 9, 8, 4, 0, 3, 8, 8, 0, 5, 3, 9, 6, 5, 4, 9, 0, 9]]",0.00882265317864007,"[1, 1, 1, 1, 3, 2, 1, 6, 2, 4, 2, 7, 4, 6, 6, 52]",6,(0.244*(1-0.739*(x[0]-38.5)|_div_|73.71)|_div_|(1+_exp_((34.0-x[0])|_div_|36.80)))*(1-_sig_(0.2*(x[0]-(10.73+34.5))))+0.681*(1-0.933)*_exp_((22.21+34.0-x[0])|_div_|77.39)|_div_|(1+_exp_((38.4-x[0])|_div_|03.88))*_sig_(0.2*(x[0]-(05.39+36.5))),"{'generation': 0, 'evals': 1, 'test_error': 0.0}"
29,"[[0], [0], [0], [0], [0, 0, 0], [0, 0], [0], [0, 0, 0, 0, 0, 0], [0, 0], [0, 2, 0, 1], [0, 0], [0, 0, 0, 0, 0, 0, 0, 0], [0, 0, 0, 0], [0, 0, 0, 0, 0, 0], [0, 0, 0, 0, 0, 0], [5, 3, 1, 0, 2, 1, 9, 6, 9, 7, 9, 6, 7, 1, 0, 9, 2, 2, 6, 3, 2, 7, 6, 6, 7, 6, 5, 9, 8, 3, 9, 0, 8, 6, 8, 8, 6, 6, 3, 2, 8, 2, 0, 3, 8, 8, 0, 7, 0, 8, 5, 7, 4, 9, 0, 9]]",0.008837984685673475,"[1, 1, 1, 1, 3, 2, 1, 6, 2, 4, 2, 7, 4, 6, 6, 52]",6,(0.531*(1-0.021*(x[0]-39.6)|_div_|97.96)|_div_|(1+_exp_((37.1-x[0])|_div_|09.22)))*(1-_sig_(0.2*(x[0]-(63.27+36.6))))+0.765*(1-0.983)*_exp_((90.86+38.8-x[0])|_div_|66.32)|_div_|(1+_exp_((38.2-x[0])|_div_|03.88))*_sig_(0.2*(x[0]-(07.08+35.7))),"{'generation': 0, 'evals': 1, 'test_error': 0.0}"
30,"[[0], [0], [0], [0], [0, 0, 0], [0, 0], [0], [0, 0, 0, 0, 0, 0], [0, 0], [0, 2, 0, 1], [0, 0], [0, 0, 0, 0, 0, 0, 0, 0], [0, 0, 0, 0], [0, 0, 0, 0, 0, 0], [0, 0, 0, 0, 0, 0], [6, 3, 8, 0, 2, 1, 4, 2, 9, 7, 9, 6, 2, 1, 3, 9, 2, 2, 6, 0, 2, 7, 6, 6, 7, 6, 0, 9, 8, 3, 9, 0, 8, 6, 8, 8, 6, 6, 3, 2, 8, 2, 0, 3, 8, 8, 0, 7, 0, 6, 5, 9, 4, 9, 0, 9]]",0.008917461012118705,"[1, 1, 1, 1, 3, 2, 1, 6, 2, 4, 2, 7, 4, 6, 6, 52]",6,(0.638*(1-0.021*(x[0]-34.2)|_div_|97.96)|_div_|(1+_exp_((32.1-x[0])|_div_|39.22)))*(1-_sig_(0.2*(x[0]-(60.27+36.6))))+0.760*(1-0.983)*_exp_((90.86+38.8-x[0])|_div_|66.32)|_div_|(1+_exp_((38.2-x[0])|_div_|03.88))*_sig_(0.2*(x[0]-(07.06+35.9))),"{'generation': 0, 'evals': 1, 'test_error': 0.0}"
31,"[[0], [0], [0], [0], [0, 0, 0], [0, 0], [0], [0, 0, 0, 0, 0, 0], [0, 0], [0, 2, 0, 1], [0, 0], [0, 0, 0, 0, 0, 0, 0, 0], [0, 0, 0, 0], [0, 0, 0, 0, 0, 0], [0, 0, 0, 0, 0, 0], [6, 3, 3, 0, 2, 1, 2, 8, 9, 7, 5, 6, 2, 8, 3, 9, 5, 2, 6, 0, 6, 5, 6, 5, 7, 6, 0, 9, 8, 3, 9, 0, 8, 6, 8, 8, 6, 7, 3, 1, 8, 8, 0, 3, 8, 8, 0, 7, 6, 6, 5, 9, 4, 9, 0, 9]]",0.008955417801141301,"[1, 1, 1, 1, 3, 2, 1, 6, 2, 4, 2, 7, 4, 6, 6, 52]",6,(0.633*(1-0.021*(x[0]-32.8)|_div_|97.56)|_div_|(1+_exp_((32.8-x[0])|_div_|39.52)))*(1-_sig_(0.2*(x[0]-(60.65+36.5))))+0.760*(1-0.983)*_exp_((90.86+38.8-x[0])|_div_|67.31)|_div_|(1+_exp_((38.8-x[0])|_div_|03.88))*_sig_(0.2*(x[0]-(07.66+35.9))),"{'generation': 0, 'evals': 1, 'test_error': 0.0}"
32,"[[0], [0], [0], [0], [0, 0, 0], [0, 0], [0], [0, 0, 0, 0, 0, 0], [0, 0], [2, 1, 0, 1], [0, 0], [0, 0, 0, 0, 0, 0, 0, 0], [0, 0, 0, 0], [0, 0, 0, 0, 0, 0], [0, 0, 0, 0, 0, 0], [7, 2, 9, 0, 3, 7, 6, 6, 9, 6, 8, 6, 6, 7, 3, 4, 6, 6, 0, 0, 1, 7, 1, 4, 6, 5, 9, 9, 3, 0, 1, 0, 3, 6, 8, 9, 6, 8, 1, 3, 8, 2, 0, 3, 8, 6, 0, 7, 0, 8, 5, 8, 4, 9, 0, 9]]",0.008982080690499614,"[1, 1, 1, 1, 3, 2, 1, 6, 2, 4, 2, 7, 4, 6, 6, 52]",6,(0.729*(1-0.037*(x[0]-36.6)|_div_|96.86)|_div_|(1+_exp_((36.7-x[0])|_div_|34.66)))*(1-_sig_(0.2*(x[0]-(00.17+31.4))))+0.659*(1-0.930)*_exp_((10.36+38.9-x[0])|_div_|68.13)|_div_|(1+_exp_((38.2-x[0])|_div_|03.86))*_sig_(0.2*(x[0]-(07.08+35.8))),"{'generation': 0, 'evals': 1, 'test_error': 0.0}"
33,"[[0], [0], [0], [0], [0, 0, 0], [0, 0], [0], [0, 0, 0, 0, 0, 0], [0, 0], [1, 2, 1, 0], [0, 0], [0, 0, 0, 0, 0, 0, 0, 0], [0, 0, 0, 0], [0, 0, 0, 0, 0, 0], [0, 0, 0, 0, 0, 0], [0, 9, 7, 2, 7, 5, 0, 5, 9, 1, 7, 7, 7, 4, 4, 5, 0, 3, 4, 6, 6, 9, 7, 8, 5, 1, 9, 9, 3, 0, 4, 7, 6, 6, 4, 9, 7, 4, 8, 1, 3, 2, 0, 3, 8, 8, 0, 1, 4, 8, 4, 2, 5, 3, 0, 9]]",0.008988202236561046,"[1, 1, 1, 1, 3, 2, 1, 6, 2, 4, 2, 7, 4, 6, 6, 52]",6,(0.097*(1-0.275*(x[0]-30.5)|_div_|91.77)|_div_|(1+_exp_((37.4-x[0])|_div_|45.03)))*(1-_sig_(0.2*(x[0]-(46.69+37.8))))+0.519*(1-0.930)*_exp_((47.66+34.9-x[0])|_div_|74.81)|_div_|(1+_exp_((33.2-x[0])|_div_|03.88))*_sig_(0.2*(x[0]-(01.48+34.2))),"{'generation': 0, 'evals': 1, 'test_error': 0.0}"
34,"[[0], [0], [0], [0], [0, 0, 0], [0, 0], [0], [0, 0, 0, 0, 0, 0], [0, 0], [2, 1, 0, 0], [0, 0], [0, 0, 0, 0, 0, 0, 0, 0], [0, 0, 0, 0], [0, 0, 0, 0, 0, 0], [0, 0, 0, 0, 0, 0], [2, 6, 5, 0, 1, 1, 1, 3, 9, 6, 9, 2, 1, 7, 3, 1, 4, 9, 4, 2, 1, 6, 3, 5, 6, 5, 4, 9, 3, 0, 1, 5, 8, 1, 4, 8, 6, 9, 0, 5, 8, 2, 0, 3, 8, 8, 0, 5, 7, 8, 6, 9, 4, 9, 0, 9]]",0.009005978396051797,"[1, 1, 1, 1, 3, 2, 1, 6, 2, 4, 2, 7, 4, 6, 6, 52]",6,(0.265*(1-0.011*(x[0]-31.3)|_div_|96.92)|_div_|(1+_exp_((31.7-x[0])|_div_|31.49)))*(1-_sig_(0.2*(x[0]-(42.16+33.5))))+0.654*(1-0.930)*_exp_((15.81+34.8-x[0])|_div_|69.05)|_div_|(1+_exp_((38.2-x[0])|_div_|03.88))*_sig_(0.2*(x[0]-(05.78+36.9))),"{'generation': 0, 'evals': 1, 'test_error': 0.0}"
35,"[[0], [0], [0], [0], [0, 0, 0], [0, 0], [0], [0, 0, 0, 0, 0, 0], [0, 0], [2, 1, 2, 0], [0, 0], [0, 0, 0, 0, 0, 0, 0, 0], [0, 0, 0, 0], [0, 0, 0, 0, 0, 0], [0, 0, 0, 0, 0, 0], [6, 5, 3, 0, 2, 2, 8, 8, 9, 7, 5, 6, 2, 8, 4, 9, 5, 1, 7, 0, 0, 5, 6, 0, 2, 8, 0, 8, 8, 3, 2, 4, 8, 6, 8, 8, 6, 7, 3, 1, 8, 5, 0, 3, 8, 8, 0, 7, 6, 6, 5, 9, 4, 9, 0, 9]]",0.009102565707564415,"[1, 1, 1, 1, 3, 2, 1, 6, 2, 4, 2, 7, 4, 6, 6, 52]",6,(0.653*(1-0.022*(x[0]-38.8)|_div_|97.56)|_div_|(1+_exp_((32.8-x[0])|_div_|49.51)))*(1-_sig_(0.2*(x[0]-(70.05+36.0))))+0.280*(1-0.883)*_exp_((24.86+38.8-x[0])|_div_|67.31)|_div_|(1+_exp_((38.5-x[0])|_div_|03.88))*_sig_(0.2*(x[0]-(07.66+35.9))),"{'generation': 0, 'evals': 1, 'test_error': 0.0}"
36,"[[0], [0], [0], [0], [0, 0, 0], [0, 0], [0], [0, 0, 0, 0, 0, 0], [0, 0], [1, 1, 1, 1], [0, 0], [0, 0, 0, 0, 0, 0, 0, 0], [0, 0, 0, 0], [0, 0, 0, 0, 0, 0], [0, 0, 0, 0, 0, 0], [7, 7, 8, 0, 1, 1, 1, 2, 9, 0, 9, 6, 4, 4, 3, 9, 2, 2, 4, 4, 6, 7, 3, 7, 7, 6, 0, 9, 8, 3, 9, 4, 8, 6, 5, 8, 6, 6, 6, 2, 8, 2, 0, 3, 8, 8, 0, 7, 0, 5, 5, 4, 4, 9, 0, 9]]",0.009142955424987107,"[1, 1, 1, 1, 3, 2, 1, 6, 2, 4, 2, 7, 4, 6, 6, 52]",6,(0.778*(1-0.011*(x[0]-31.2)|_div_|90.96)|_div_|(1+_exp_((34.4-x[0])|_div_|39.22)))*(1-_sig_(0.2*(x[0]-(44.67+33.7))))+0.760*(1-0.983)*_exp_((94.86+35.8-x[0])|_div_|66.62)|_div_|(1+_exp_((38.2-x[0])|_div_|03.88))*_sig_(0.2*(x[0]-(07.05+35.4))),"{'generation': 0, 'evals': 1, 'test_error': 0.0}"
37,"[[0], [0], [0], [0], [0, 0, 0], [0, 0], [0], [0, 0, 0, 0, 0, 0], [0, 0], [1, 0, 0, 2], [0, 0], [0, 0, 0, 0, 0, 0, 0, 0], [0, 0, 0, 0], [0, 0, 0, 0, 0, 0], [0, 0, 0, 0, 0, 0], [2, 1, 5, 7, 3, 3, 8, 5, 8, 3, 8, 1, 4, 8, 3, 4, 3, 7, 1, 0, 7, 3, 4, 5, 6, 8, 3, 9, 3, 3, 2, 2, 6, 1, 2, 0, 6, 7, 3, 9, 8, 4, 0, 3, 8, 3, 0, 5, 4, 6, 6, 5, 4, 9, 0, 9]]",0.009200667149674085,"[1, 1, 1, 1, 3, 2, 1, 6, 2, 4, 2, 7, 4, 6, 6, 52]",6,(0.215*(1-0.733*(x[0]-38.5)|_div_|83.81)|_div_|(1+_exp_((34.8-x[0])|_div_|34.37)))*(1-_sig_(0.2*(x[0]-(10.73+34.5))))+0.683*(1-0.933)*_exp_((22.61+32.0-x[0])|_div_|67.39)|_div_|(1+_exp_((38.4-x[0])|_div_|03.83))*_sig_(0.2*(x[0]-(05.46+36.5))),"{'generation': 0, 'evals': 1, 'test_error': 0.0}"
38,"[[0], [0], [0], [0], [0, 0, 0], [0, 0], [0], [0, 0, 0, 0, 0, 0], [0, 0], [2, 2, 0, 1], [0, 0], [0, 0, 0, 0, 0, 0, 0, 0], [0, 0, 0, 0], [0, 0, 0, 0, 0, 0], [0, 0, 0, 0, 0, 0], [0, 3, 7, 5, 2, 5, 3, 9, 6, 5, 4, 1, 6, 6, 9, 2, 9, 4, 7, 1, 6, 0, 0, 3, 5, 5, 8, 9, 4, 1, 4, 7, 1, 6, 0, 7, 6, 0, 2, 6, 3, 6, 0, 3, 8, 6, 0, 2, 0, 0, 4, 4, 5, 3, 0, 9]]",0.00920414863912362,"[1, 1, 1, 1, 3, 2, 1, 6, 2, 4, 2, 7, 4, 6, 6, 52]",6,(0.037*(1-0.525*(x[0]-33.9)|_div_|65.41)|_div_|(1+_exp_((36.6-x[0])|_div_|92.94)))*(1-_sig_(0.2*(x[0]-(71.60+30.3))))+0.558*(1-0.941)*_exp_((47.16+30.7-x[0])|_div_|60.26)|_div_|(1+_exp_((33.6-x[0])|_div_|03.86))*_sig_(0.2*(x[0]-(02.00+34.4))),"{'generation': 0, 'evals': 1, 'test_error': 0.0}"
39,"[[0], [0], [0], [0], [0, 0, 0], [0, 0], [0], [0, 0, 0, 0, 0, 0], [0, 0], [0, 1, 0, 1], [0, 0], [0, 0, 0, 0, 0, 0, 0, 0], [0, 0, 0, 0], [0, 0, 0, 0, 0, 0], [0, 0, 0, 0, 0, 0], [4, 2, 3, 7, 4, 3, 0, 6, 8, 6, 4, 6, 3, 1, 4, 8, 4, 5, 0, 3, 8, 3, 2, 5, 6, 5, 9, 9, 3, 1, 1, 0, 1, 5, 7, 2, 6, 4, 0, 4, 8, 9, 0, 3, 8, 3, 0, 7, 2, 8, 5, 9, 4, 9, 0, 9]]",0.009231886871596715,"[1, 1, 1, 1, 3, 2, 1, 6, 2, 4, 2, 7, 4, 6, 6, 52]",6,(0.423*(1-0.743*(x[0]-30.6)|_div_|86.46)|_div_|(1+_exp_((33.1-x[0])|_div_|48.45)))*(1-_sig_(0.2*(x[0]-(03.83+32.5))))+0.659*(1-0.931)*_exp_((10.15+37.2-x[0])|_div_|64.04)|_div_|(1+_exp_((38.9-x[0])|_div_|03.83))*_sig_(0.2*(x[0]-(07.28+35.9))),"{'generation': 0, 'evals': 1, 'test_error': 0.0}"
40,"[[0], [0], [0], [0], [0, 0, 0], [0, 0], [0], [0, 0, 0, 0, 0, 0], [0, 0], [1, 1, 0, 0], [0, 0], [0, 0, 0, 0, 0, 0, 0, 0], [0, 0, 0, 0], [0, 0, 0, 0, 0, 0], [0, 0, 0, 0, 0, 0], [1, 5, 5, 8, 2, 1, 1, 8, 9, 6, 3, 6, 6, 4, 3, 4, 9, 2, 1, 0, 2, 7, 1, 3, 6, 5, 9, 9, 3, 0, 1, 0, 0, 6, 4, 0, 6, 6, 6, 5, 8, 2, 0, 3, 8, 6, 0, 7, 0, 2, 5, 9, 4, 9, 0, 9]]",0.009278728901969766,"[1, 1, 1, 1, 3, 2, 1, 6, 2, 4, 2, 7, 4, 6, 6, 52]",6,(0.155*(1-0.821*(x[0]-31.8)|_div_|96.36)|_div_|(1+_exp_((36.4-x[0])|_div_|34.92)))*(1-_sig_(0.2*(x[0]-(10.27+31.3))))+0.659*(1-0.930)*_exp_((10.06+34.0-x[0])|_div_|66.65)|_div_|(1+_exp_((38.2-x[0])|_div_|03.86))*_sig_(0.2*(x[0]-(07.02+35.9))),"{'generation': 0, 'evals': 1, 'test_error': 0.0}"
41,"[[0], [0], [0], [0], [0, 0, 0], [0, 0], [0], [0, 0, 0, 0, 0, 0], [0, 0], [0, 2, 0, 2], [0, 0], [0, 0, 0, 0, 0, 0, 0, 0], [0, 0, 0, 0], [0, 0, 0, 0, 0, 0], [0, 0, 0, 0, 0, 0], [1, 2, 4, 0, 3, 7, 8, 2, 1, 6, 6, 6, 1, 7, 8, 8, 8, 2, 5, 1, 1, 6, 6, 3, 6, 5, 4, 9, 3, 2, 1, 0, 2, 5, 8, 4, 6, 8, 1, 0, 8, 5, 0, 3, 8, 9, 0, 7, 0, 2, 5, 6, 4, 9, 0, 9]]",0.009315142657266464,"[1, 1, 1, 1, 3, 2, 1, 6, 2, 4, 2, 7, 4, 6, 6, 52]",6,(0.124*(1-0.037*(x[0]-38.2)|_div_|16.66)|_div_|(1+_exp_((31.7-x[0])|_div_|88.82)))*(1-_sig_(0.2*(x[0]-(51.16+36.3))))+0.654*(1-0.932)*_exp_((10.25+38.4-x[0])|_div_|68.10)|_div_|(1+_exp_((38.5-x[0])|_div_|03.89))*_sig_(0.2*(x[0]-(07.02+35.6))),"{'generation': 0, 'evals': 1, 'test_error': 0.0}"
42,"[[0], [0], [0], [0], [0, 0, 0], [0, 0], [0], [0, 0, 0, 0, 0, 0], [0, 0], [1, 0, 1, 2], [0, 0], [0, 0, 0, 0, 0, 0, 0, 0], [0, 0, 0, 0], [0, 0, 0, 0, 0, 0], [0, 0, 0, 0, 0, 0], [0, 2, 5, 2, 7, 3, 9, 0, 9, 1, 4, 0, 6, 6, 5, 2, 1, 4, 7, 1, 2, 8, 5, 0, 5, 8, 8, 9, 4, 1, 4, 2, 0, 6, 6, 9, 6, 0, 5, 4, 3, 9, 0, 3, 8, 6, 0, 2, 0, 7, 4, 4, 5, 3, 0, 9]]",0.009351293209198022,"[1, 1, 1, 1, 3, 2, 1, 6, 2, 4, 2, 7, 4, 6, 6, 52]",6,(0.025*(1-0.273*(x[0]-39.0)|_div_|91.40)|_div_|(1+_exp_((36.6-x[0])|_div_|52.14)))*(1-_sig_(0.2*(x[0]-(71.28+35.0))))+0.588*(1-0.941)*_exp_((42.06+36.9-x[0])|_div_|60.54)|_div_|(1+_exp_((33.9-x[0])|_div_|03.86))*_sig_(0.2*(x[0]-(02.07+34.4))),"{'generation': 0, 'evals': 1, 'test_error': 0.0}"
43,"[[0], [0], [0], [0], [0, 0, 0], [0, 0], [0], [0, 0, 0, 0, 0, 0], [0, 0], [0, 2, 0, 1], [0, 0], [0, 0, 0, 0, 0, 0, 0, 0], [0, 0, 0, 0], [0, 0, 0, 0, 0, 0], [0, 0, 0, 0, 0, 0], [6, 3, 8, 0, 2, 9, 2, 8, 9, 2, 5, 6, 2, 8, 3, 9, 9, 2, 6, 0, 0, 5, 6, 5, 7, 6, 0, 9, 8, 3, 9, 0, 7, 6, 8, 6, 6, 7, 3, 1, 8, 8, 0, 3, 8, 8, 0, 7, 6, 4, 5, 9, 4, 9, 0, 9]]",0.009359756361119997,"[1, 1, 1, 1, 3, 2, 1, 6, 2, 4, 2, 7, 4, 6, 6, 52]",6,(0.638*(1-0.029*(x[0]-32.8)|_div_|92.56)|_div_|(1+_exp_((32.8-x[0])|_div_|39.92)))*(1-_sig_(0.2*(x[0]-(60.05+36.5))))+0.760*(1-0.983)*_exp_((90.76+38.6-x[0])|_div_|67.31)|_div_|(1+_exp_((38.8-x[0])|_div_|03.88))*_sig_(0.2*(x[0]-(07.64+35.9))),"{'generation': 0, 'evals': 1, 'test_error': 0.0}"
44,"[[0], [0], [0], [0], [0, 0, 0], [0, 0], [0], [0, 0, 0, 0, 0, 0], [0, 0], [0, 1, 0, 1], [0, 0], [0, 0, 0, 0, 0, 0, 0, 0], [0, 0, 0, 0], [0, 0, 0, 0, 0, 0], [0, 0, 0, 0, 0, 0], [1, 1, 5, 8, 2, 1, 1, 2, 4, 6, 9, 6, 6, 7, 3, 4, 9, 0, 1, 1, 2, 7, 1, 3, 6, 5, 9, 9, 3, 0, 1, 0, 0, 6, 4, 9, 6, 6, 7, 2, 8, 8, 0, 3, 8, 8, 0, 7, 5, 8, 5, 9, 4, 9, 0, 9]]",0.009382243778153188,"[1, 1, 1, 1, 3, 2, 1, 6, 2, 4, 2, 7, 4, 6, 6, 52]",6,(0.115*(1-0.821*(x[0]-31.2)|_div_|46.96)|_div_|(1+_exp_((36.7-x[0])|_div_|34.90)))*(1-_sig_(0.2*(x[0]-(11.27+31.3))))+0.659*(1-0.930)*_exp_((10.06+34.9-x[0])|_div_|66.72)|_div_|(1+_exp_((38.8-x[0])|_div_|03.88))*_sig_(0.2*(x[0]-(07.58+35.9))),"{'generation': 0, 'evals': 1, 'test_error': 0.0}"
45,"[[0], [0], [0], [0], [0, 0, 0], [0, 0], [0], [0, 0, 0, 0, 0, 0], [0, 0], [0, 0, 1, 0], [0, 0], [0, 0, 0, 0, 0, 0, 0, 0], [0, 0, 0, 0], [0, 0, 0, 0, 0, 0], [0, 0, 0, 0, 0, 0], [1, 6, 0, 9, 7, 1, 6, 3, 9, 8, 9, 7, 4, 7, 8, 4, 9, 2, 1, 0, 2, 7, 5, 8, 6, 5, 3, 9, 3, 5, 1, 7, 3, 6, 4, 4, 8, 6, 0, 1, 8, 4, 0, 3, 8, 8, 0, 7, 0, 7, 5, 9, 4, 9, 0, 9]]",0.009409643390718654,"[1, 1, 1, 1, 3, 2, 1, 6, 2, 4, 2, 7, 4, 6, 6, 52]",6,(0.160*(1-0.971*(x[0]-36.3)|_div_|98.97)|_div_|(1+_exp_((34.7-x[0])|_div_|84.92)))*(1-_sig_(0.2*(x[0]-(10.27+35.8))))+0.653*(1-0.935)*_exp_((17.36+34.4-x[0])|_div_|86.01)|_div_|(1+_exp_((38.4-x[0])|_div_|03.88))*_sig_(0.2*(x[0]-(07.07+35.9))),"{'generation': 0, 'evals': 1, 'test_error': 0.0}"
46,"[[0], [0], [0], [0], [0, 0, 0], [0, 0], [0], [0, 0, 0, 0, 0, 0], [0, 0], [0, 1, 0, 1], [0, 0], [0, 0, 0, 0, 0, 0, 0, 0], [0, 0, 0, 0], [0, 0, 0, 0, 0, 0], [0, 0, 0, 0, 0, 0], [1, 3, 8, 0, 2, 1, 4, 9, 6, 6, 9, 6, 2, 7, 3, 4, 9, 1, 3, 0, 2, 2, 5, 6, 6, 3, 0, 9, 3, 4, 1, 0, 4, 6, 9, 8, 6, 9, 4, 2, 8, 2, 0, 3, 8, 8, 0, 7, 0, 8, 5, 9, 4, 9, 0, 9]]",0.009437447275067361,"[1, 1, 1, 1, 3, 2, 1, 6, 2, 4, 2, 7, 4, 6, 6, 52]",6,(0.138*(1-0.021*(x[0]-34.9)|_div_|66.96)|_div_|(1+_exp_((32.7-x[0])|_div_|34.91)))*(1-_sig_(0.2*(x[0]-(30.22+35.6))))+0.630*(1-0.934)*_exp_((10.46+39.8-x[0])|_div_|69.42)|_div_|(1+_exp_((38.2-x[0])|_div_|03.88))*_sig_(0.2*(x[0]-(07.08+35.9))),"{'generation': 0, 'evals': 1, 'test_error': 0.0}"
47,"[[0], [0], [0], [0], [0, 0, 0], [0, 0], [0], [0, 0, 0, 0, 0, 0], [0, 0], [2, 1, 0, 1], [0, 0], [0, 0, 0, 0, 0, 0, 0, 0], [0, 0, 0, 0], [0, 0, 0, 0, 0, 0], [0, 0, 0, 0, 0, 0], [1, 0, 2, 9, 7, 6, 2, 6, 9, 3, 8, 5, 1, 7, 3, 5, 9, 8, 1, 0, 2, 7, 0, 3, 6, 5, 5, 9, 3, 0, 1, 2, 8, 8, 2, 9, 6, 1, 2, 4, 8, 4, 0, 3, 9, 2, 0, 6, 8, 9, 5, 7, 4, 9, 0, 9]]",0.009440144655805012,"[1, 1, 1, 1, 3, 2, 1, 6, 2, 4, 2, 7, 4, 6, 6, 52]",6,(0.102*(1-0.976*(x[0]-32.6)|_div_|93.85)|_div_|(1+_exp_((31.7-x[0])|_div_|35.98)))*(1-_sig_(0.2*(x[0]-(10.27+30.3))))+0.655*(1-0.930)*_exp_((12.88+32.9-x[0])|_div_|61.24)|_div_|(1+_exp_((38.4-x[0])|_div_|03.92))*_sig_(0.2*(x[0]-(06.89+35.7))),"{'generation': 0, 'evals': 1, 'test_error': 0.0}"
48,"[[0], [0], [0], [0], [0, 0, 0], [0, 0], [0], [0, 0, 0, 0, 0, 0], [0, 0], [0, 1, 0, 2], [0, 0], [0, 0, 0, 0, 0, 0, 0, 0], [0, 0, 0, 0], [0, 0, 0, 0, 0, 0], [0, 0, 0, 0, 0, 0], [1, 1, 8, 1, 2, 1, 4, 3, 9, 7, 9, 6, 2, 1, 3, 4, 0, 2, 6, 0, 8, 9, 6, 6, 6, 6, 9, 9, 3, 0, 1, 0, 0, 6, 4, 8, 6, 9, 5, 2, 8, 2, 0, 3, 8, 8, 0, 7, 1, 6, 5, 9, 4, 9, 0, 9]]",0.00946315159296586,"[1, 1, 1, 1, 3, 2, 1, 6, 2, 4, 2, 7, 4, 6, 6, 52]",6,(0.118*(1-0.121*(x[0]-34.3)|_div_|97.96)|_div_|(1+_exp_((32.1-x[0])|_div_|34.02)))*(1-_sig_(0.2*(x[0]-(60.89+36.6))))+0.669*(1-0.930)*_exp_((10.06+34.8-x[0])|_div_|69.52)|_div_|(1+_exp_((38.2-x[0])|_div_|03.88))*_sig_(0.2*(x[0]-(07.16+35.9))),"{'generation': 0, 'evals': 1, 'test_error': 0.0}"
49,"[[0], [0], [0], [0], [0, 0, 0], [0, 0], [0], [0, 0, 0, 0, 0, 0], [0, 0], [2, 1, 0, 1], [0, 0], [0, 0, 0, 0, 0, 0, 0, 0], [0, 0, 0, 0], [0, 0, 0, 0, 0, 0], [0, 0, 0, 0, 0, 0], [4, 2, 9, 0, 3, 7, 6, 6, 8, 6, 8, 6, 3, 7, 8, 8, 8, 6, 0, 0, 1, 7, 6, 4, 6, 5, 9, 9, 3, 2, 1, 0, 3, 5, 8, 2, 6, 8, 1, 0, 8, 2, 0, 3, 8, 3, 0, 7, 0, 8, 5, 8, 4, 9, 0, 9]]",0.00947751244891641,"[1, 1, 1, 1, 3, 2, 1, 6, 2, 4, 2, 7, 4, 6, 6, 52]",6,(0.429*(1-0.037*(x[0]-36.6)|_div_|86.86)|_div_|(1+_exp_((33.7-x[0])|_div_|88.86)))*(1-_sig_(0.2*(x[0]-(00.17+36.4))))+0.659*(1-0.932)*_exp_((10.35+38.2-x[0])|_div_|68.10)|_div_|(1+_exp_((38.2-x[0])|_div_|03.83))*_sig_(0.2*(x[0]-(07.08+35.8))),"{'generation': 0, 'evals': 1, 'test_error': 0.0}"
50,"[[0], [0], [0], [0], [0, 0, 0], [0, 0], [0], [0, 0, 0, 0, 0, 0], [0, 0], [2, 1, 0, 0], [0, 0], [0, 0, 0, 0, 0, 0, 0, 0], [0, 0, 0, 0], [0, 0, 0, 0, 0, 0], [0, 0, 0, 0, 0, 0], [1, 6, 1, 1, 8, 8, 6, 2, 9, 6, 2, 7, 6, 7, 3, 5, 1, 6, 5, 6, 2, 7, 1, 5, 6, 5, 9, 9, 3, 6, 1, 3, 0, 6, 8, 1, 7, 0, 1, 7, 8, 3, 0, 3, 8, 0, 0, 4, 0, 8, 8, 8, 4, 9, 0, 9]]",0.016917416293426777,"[1, 1, 1, 1, 3, 2, 1, 6, 2, 4, 2, 7, 4, 6, 6, 52]",6,(0.161*(1-0.188*(x[0]-36.2)|_div_|96.27)|_div_|(1+_exp_((36.7-x[0])|_div_|35.16)))*(1-_sig_(0.2*(x[0]-(56.27+31.5))))+0.659*(1-0.936)*_exp_((13.06+38.1-x[0])|_div_|70.17)|_div_|(1+_exp_((38.3-x[0])|_div_|03.80))*_sig_(0.2*(x[0]-(04.08+38.8))),"{'generation': 0, 'evals': 1, 'test_error': 0.0}"
51,"[[0], [0], [0], [0], [0, 0, 0], [0, 0], [0], [0, 0, 0, 0, 0, 0], [0, 0], [0, 2, 1, 0], [0, 0], [0, 0, 0, 0, 0, 0, 0, 0], [0, 0, 0, 0], [0, 0, 0, 0, 0, 0], [0, 0, 0, 0, 0, 0], [3, 8, 8, 0, 2, 8, 6, 4, 9, 9, 9, 2, 8, 7, 4, 4, 0, 4, 6, 1, 3, 2, 1, 2, 6, 8, 0, 9, 3, 0, 2, 0, 8, 5, 4, 4, 4, 8, 3, 7, 8, 2, 0, 3, 8, 1, 0, 8, 4, 5, 1, 7, 4, 9, 0, 9]]",0.019009083470780785,"[1, 1, 1, 1, 3, 2, 1, 6, 2, 4, 2, 7, 4, 6, 6, 52]",6,(0.388*(1-0.028*(x[0]-36.4)|_div_|99.92)|_div_|(1+_exp_((38.7-x[0])|_div_|44.04)))*(1-_sig_(0.2*(x[0]-(61.32+31.2))))+0.680*(1-0.930)*_exp_((20.85+34.4-x[0])|_div_|48.37)|_div_|(1+_exp_((38.2-x[0])|_div_|03.81))*_sig_(0.2*(x[0]-(08.45+31.7))),"{'generation': 0, 'evals': 1, 'test_error': 0.0}"
52,"[[0], [0], [0], [0], [0, 0, 0], [0, 0], [0], [0, 0, 0, 0, 0, 0], [0, 0], [1, 2, 2, 2], [0, 0], [0, 0, 0, 0, 0, 0, 0, 0], [0, 0, 0, 0], [0, 0, 0, 0, 0, 0], [0, 0, 0, 0, 0, 0], [4, 2, 3, 3, 6, 7, 3, 6, 8, 4, 4, 9, 3, 1, 8, 8, 4, 4, 0, 0, 1, 5, 6, 4, 6, 5, 9, 9, 3, 9, 1, 1, 3, 4, 8, 2, 6, 4, 1, 4, 8, 3, 0, 3, 3, 2, 0, 7, 0, 8, 7, 8, 4, 9, 0, 9]]",0.025809274188054003,"[1, 1, 1, 1, 3, 2, 1, 6, 2, 4, 2, 7, 4, 6, 6, 52]",6,(0.423*(1-0.367*(x[0]-33.6)|_div_|84.49)|_div_|(1+_exp_((33.1-x[0])|_div_|88.44)))*(1-_sig_(0.2*(x[0]-(00.15+36.4))))+0.659*(1-0.939)*_exp_((11.34+38.2-x[0])|_div_|64.14)|_div_|(1+_exp_((38.3-x[0])|_div_|03.32))*_sig_(0.2*(x[0]-(07.08+37.8))),"{'generation': 0, 'evals': 1, 'test_error': 0.0}"
53,"[[0], [0], [0], [0], [0, 0, 0], [0, 0], [0], [0, 0, 0, 0, 0, 0], [0, 0], [0, 0, 1, 2], [0, 0], [0, 0, 0, 0, 0, 0, 0, 0], [0, 0, 0, 0], [0, 0, 0, 0, 0, 0], [0, 0, 0, 0, 0, 0], [1, 1, 5, 3, 3, 6, 8, 5, 8, 6, 2, 4, 6, 2, 7, 3, 3, 0, 0, 7, 7, 5, 9, 7, 6, 5, 9, 9, 3, 1, 1, 0, 3, 9, 9, 1, 5, 4, 8, 9, 6, 9, 0, 3, 5, 8, 0, 3, 8, 5, 2, 2, 4, 9, 0, 9]]",0.08364301595790627,"[1, 1, 1, 1, 3, 2, 1, 6, 2, 4, 2, 7, 4, 6, 6, 52]",6,(0.115*(1-0.336*(x[0]-38.5)|_div_|86.24)|_div_|(1+_exp_((36.2-x[0])|_div_|73.30)))*(1-_sig_(0.2*(x[0]-(07.75+39.7))))+0.659*(1-0.931)*_exp_((10.39+39.1-x[0])|_div_|54.89)|_div_|(1+_exp_((36.9-x[0])|_div_|03.58))*_sig_(0.2*(x[0]-(03.85+32.2))),"{'generation': 0, 'evals': 1, 'test_error': 0.0}"
54,"[[0], [0], [0], [0], [0, 0, 0], [0, 0], [0], [0, 0, 0, 0, 0, 0], [0, 0], [2, 2, 3, 1], [0, 0], [0, 0, 0, 0, 0, 0, 0, 0], [0, 0, 0, 0], [0, 0, 0, 0, 0, 0], [0, 0, 0, 0, 0, 0], [2, 1, 8, 5, 6, 3, 2, 3, 8, 5, 9, 2, 5, 7, 3, 1, 3, 2, 9, 0, 2, 7, 8, 5, 6, 6, 6, 9, 8, 4, 9, 5, 3, 5, 8, 8, 7, 4, 8, 6, 8, 6, 0, 3, 8, 1, 0, 5, 5, 8, 1, 9, 4, 9, 0, 9]]",0.10001037044425747,"[1, 1, 1, 1, 3, 2, 1, 6, 2, 4, 2, 8, 4, 6, 6, 56]",7,(0.218*(1-0.563*(x[0]-32.3)|_div_|85.92)|_div_|(1+_exp_((35.7-x[0])|_div_|31.32)))*(1-_sig_(0.2*(x[0]-(90.27+38.5))))+0.666*(1-0.984)*_exp_((95.35+38.8-74.86)|_div_|86.03)|_div_|(1+_exp_((38.1-x[0])|_div_|05.58))*_sig_(0.2*(x[0]-(19.49+30.9))),"{'generation': 0, 'evals': 1, 'test_error': 0.0}"
55,"[[0], [0], [0], [0], [0, 0, 0], [0, 0], [0], [0, 0, 0, 0, 0, 0], [0, 0], [1, 0, 0, 0], [0, 0], [0, 0, 0, 0, 0, 0, 0, 0], [0, 0, 0, 0], [0, 0, 0, 0, 0, 0], [0, 0, 0, 0, 0, 0], [4, 1, 3, 6, 3, 3, 8, 6, 6, 5, 3, 6, 3, 8, 1, 8, 6, 6, 0, 2, 1, 3, 9, 4, 1, 8, 9, 9, 4, 1, 1, 8, 1, 0, 8, 2, 7, 4, 8, 4, 4, 1, 0, 3, 8, 2, 2, 7, 6, 9, 5, 9, 4, 9, 0, 9]]",0.10345041037210924,"[1, 1, 1, 1, 3, 2, 1, 6, 2, 4, 2, 7, 4, 6, 6, 52]",6,(0.413*(1-0.633*(x[0]-38.6)|_div_|65.36)|_div_|(1+_exp_((33.8-x[0])|_div_|18.66)))*(1-_sig_(0.2*(x[0]-(02.13+39.4))))+0.189*(1-0.941)*_exp_((18.10+38.2-x[0])|_div_|74.84)|_div_|(1+_exp_((34.1-x[0])|_div_|03.82))*_sig_(0.2*(x[0]-(27.69+35.9))),"{'generation': 0, 'evals': 1, 'test_error': 0.0}"
56,"[[0], [0], [0], [0], [0, 0, 0], [0, 0], [0], [0, 0, 0, 0, 0, 0], [0, 0], [2, 0, 1, 1], [0, 0], [0, 0, 0, 0, 0, 0, 0, 0], [0, 0, 0, 0], [0, 0, 0, 0, 0, 0], [0, 0, 0, 0, 0, 0], [1, 0, 5, 9, 7, 3, 2, 6, 9, 3, 9, 5, 2, 3, 3, 5, 9, 8, 1, 9, 0, 4, 1, 1, 6, 5, 5, 9, 3, 3, 8, 7, 8, 4, 2, 9, 6, 2, 3, 2, 8, 8, 0, 6, 3, 8, 0, 7, 0, 9, 5, 7, 4, 9, 0, 9]]",0.10434722013104512,"[1, 1, 1, 1, 3, 2, 1, 6, 2, 4, 2, 7, 4, 6, 6, 52]",6,(0.105*(1-0.973*(x[0]-32.6)|_div_|93.95)|_div_|(1+_exp_((32.3-x[0])|_div_|35.98)))*(1-_sig_(0.2*(x[0]-(19.04+31.1))))+0.655*(1-0.933)*_exp_((87.84+32.9-x[0])|_div_|62.32)|_div_|(1+_exp_((38.8-x[0])|_div_|06.38))*_sig_(0.2*(x[0]-(07.09+35.7))),"{'generation': 0, 'evals': 1, 'test_error': 0.0}"
57,"[[0], [0], [0], [0], [0, 0, 0], [0, 0], [0], [0, 0, 0, 0, 0, 0], [0, 0], [1, 1, 0, 1], [0, 0], [0, 0, 0, 0, 0, 0, 0, 0], [0, 0, 0, 0], [0, 0, 0, 0, 0, 0], [0, 0, 0, 0, 0, 0], [6, 4, 4, 0, 2, 7, 4, 9, 8, 0, 1, 6, 4, 9, 8, 8, 9, 6, 0, 2, 1, 0, 8, 2, 6, 5, 4, 7, 3, 7, 1, 0, 3, 1, 1, 0, 6, 3, 1, 2, 8, 2, 0, 3, 8, 9, 3, 0, 5, 8, 5, 8, 4, 9, 0, 9]]",0.1045084443080037,"[1, 1, 1, 1, 3, 2, 1, 6, 2, 4, 2, 7, 4, 6, 6, 52]",6,(0.644*(1-0.027*(x[0]-34.9)|_div_|80.16)|_div_|(1+_exp_((34.9-x[0])|_div_|88.96)))*(1-_sig_(0.2*(x[0]-(02.10+38.2))))+0.654*(1-0.737)*_exp_((10.31+31.0-x[0])|_div_|63.12)|_div_|(1+_exp_((38.2-x[0])|_div_|03.89))*_sig_(0.2*(x[0]-(30.58+35.8))),"{'generation': 0, 'evals': 1, 'test_error': 0.0}"
58,"[[0], [0], [0], [0], [0, 0, 0], [0, 0], [0], [0, 0, 0, 0, 0, 0], [0, 0], [2, 2, 1, 1], [0, 0], [0, 0, 0, 0, 0, 0, 0, 0], [0, 0, 0, 0], [0, 0, 0, 0, 0, 0], [0, 0, 0, 0, 0, 0], [6, 6, 8, 0, 4, 1, 3, 3, 9, 7, 9, 7, 2, 9, 3, 4, 5, 7, 3, 0, 7, 2, 0, 6, 8, 5, 0, 9, 3, 0, 1, 9, 3, 6, 1, 5, 6, 8, 3, 2, 8, 6, 0, 8, 1, 7, 0, 7, 3, 6, 5, 2, 4, 9, 0, 9]]",0.10472251485923148,"[1, 1, 1, 1, 3, 2, 1, 6, 2, 4, 2, 7, 4, 6, 6, 52]",6,(0.668*(1-0.041*(x[0]-33.3)|_div_|97.97)|_div_|(1+_exp_((32.9-x[0])|_div_|34.57)))*(1-_sig_(0.2*(x[0]-(30.72+30.6))))+0.850*(1-0.930)*_exp_((19.36+31.5-x[0])|_div_|68.32)|_div_|(1+_exp_((38.6-x[0])|_div_|08.17))*_sig_(0.2*(x[0]-(07.36+35.2))),"{'generation': 0, 'evals': 1, 'test_error': 0.0}"
59,"[[0], [0], [0], [0], [0, 0, 0], [0, 0], [0], [0, 0, 0, 0, 0, 0], [0, 0], [0, 1, 0, 1], [0, 0], [0, 0, 0, 0, 0, 0, 0, 0], [0, 0, 0, 0], [0, 0, 0, 0, 0, 0], [0, 0, 0, 0, 0, 0], [8, 2, 3, 6, 3, 3, 8, 6, 8, 1, 0, 6, 3, 1, 4, 8, 6, 7, 0, 0, 1, 3, 2, 7, 6, 5, 9, 9, 3, 1, 1, 0, 0, 3, 8, 2, 6, 4, 8, 4, 9, 9, 0, 8, 8, 3, 0, 7, 6, 8, 5, 9, 4, 9, 0, 9]]",0.10478893501425522,"[1, 1, 1, 1, 3, 2, 1, 6, 2, 4, 2, 7, 4, 6, 6, 52]",6,(0.823*(1-0.633*(x[0]-38.6)|_div_|81.06)|_div_|(1+_exp_((33.1-x[0])|_div_|48.67)))*(1-_sig_(0.2*(x[0]-(00.13+32.7))))+0.659*(1-0.931)*_exp_((10.03+38.2-x[0])|_div_|64.84)|_div_|(1+_exp_((39.9-x[0])|_div_|08.83))*_sig_(0.2*(x[0]-(07.68+35.9))),"{'generation': 0, 'evals': 1, 'test_error': 0.0}"
60,"[[0], [0], [0], [0], [0, 0, 0], [0, 0], [0], [0, 0, 0, 0, 0, 0], [0, 0], [0, 1, 0, 0], [0, 0], [0, 0, 0, 0, 0, 0, 0, 0], [0, 0, 0, 0], [0, 0, 0, 0, 0, 0], [0, 0, 0, 0, 0, 0], [2, 1, 5, 7, 9, 3, 8, 8, 8, 5, 1, 1, 8, 8, 3, 1, 2, 3, 0, 8, 7, 6, 4, 5, 9, 8, 3, 9, 4, 3, 2, 2, 6, 1, 2, 0, 6, 1, 3, 6, 8, 4, 0, 9, 8, 3, 0, 8, 4, 4, 5, 5, 4, 9, 0, 9]]",0.10481222096840159,"[1, 1, 1, 1, 3, 2, 1, 6, 2, 4, 2, 7, 4, 6, 6, 52]",6,(0.215*(1-0.793*(x[0]-38.8)|_div_|85.11)|_div_|(1+_exp_((38.8-x[0])|_div_|31.23)))*(1-_sig_(0.2*(x[0]-(08.76+34.5))))+0.983*(1-0.943)*_exp_((22.61+32.0-x[0])|_div_|61.36)|_div_|(1+_exp_((38.4-x[0])|_div_|09.83))*_sig_(0.2*(x[0]-(08.44+35.5))),"{'generation': 0, 'evals': 1, 'test_error': 0.0}"
61,"[[0], [0], [0], [0], [0, 0, 0], [0, 0], [0], [0, 0, 0, 0, 0, 0], [0, 0], [2, 1, 0, 3], [0, 0], [0, 0, 0, 0, 0, 0, 0, 0], [0, 0, 0, 0], [0, 0, 0, 0, 0, 0], [0, 0, 0, 0, 0, 0], [2, 1, 5, 7, 3, 1, 8, 5, 3, 0, 7, 1, 4, 9, 3, 7, 3, 0, 1, 0, 7, 6, 4, 5, 6, 8, 3, 2, 4, 8, 2, 2, 9, 1, 4, 2, 6, 7, 3, 9, 8, 4, 0, 3, 9, 8, 0, 5, 3, 8, 0, 5, 4, 9, 0, 9]]",0.10481930125363009,"[1, 1, 1, 1, 3, 2, 1, 6, 2, 4, 2, 8, 4, 6, 6, 56]",7,(0.215*(1-0.731*(x[0]-38.5)|_div_|30.71)|_div_|(1+_exp_((34.9-x[0])|_div_|37.30)))*(1-_sig_(0.2*(x[0]-(10.76+34.5))))+0.683*(1-0.248)*_exp_((22.91+34.2-x[0])|_div_|67.39)|_div_|(1+_exp_((38.4-03.98)|_div_|05.38))*_sig_(0.2*(x[0]-(05.49+30.9))),"{'generation': 0, 'evals': 1, 'test_error': 0.0}"
62,"[[0], [0], [0], [0], [0, 0, 0], [0, 0], [0], [0, 0, 0, 0, 0, 0], [0, 0], [3, 0, 2, 0], [0, 0], [0, 0, 0, 0, 0, 0, 0, 0], [0, 0, 0, 0], [0, 0, 0, 0, 0, 0], [0, 0, 0, 0, 0, 0], [2, 1, 4, 7, 3, 9, 8, 5, 9, 3, 7, 1, 4, 5, 4, 4, 6, 8, 0, 0, 3, 2, 4, 5, 6, 5, 3, 9, 3, 3, 2, 3, 6, 1, 4, 0, 1, 7, 3, 9, 8, 0, 8, 9, 8, 2, 0, 6, 3, 4, 2, 9, 4, 9, 0, 9]]",0.1048198497306194,"[1, 1, 1, 1, 3, 2, 1, 6, 2, 4, 2, 8, 4, 6, 6, 56]",6,(0.214*(1-0.739*(85.93-37.1)|_div_|45.44)|_div_|(1+_exp_((36.8-x[0])|_div_|00.32)))*(1-_sig_(0.2*(x[0]-(45.65+33.9))))+0.332*(1-0.361)*_exp_((40.17+33.9-x[0])|_div_|80.89)|_div_|(1+_exp_((38.2-x[0])|_div_|06.34))*_sig_(0.2*(x[0]-(29.49+30.9))),"{'generation': 0, 'evals': 1, 'test_error': 0.0}"
63,"[[0], [0], [0], [0], [0, 0, 0], [0, 0], [0], [0, 0, 0, 0, 0, 0], [0, 0], [1, 1, 0, 1], [0, 0], [0, 0, 0, 0, 0, 0, 0, 0], [0, 0, 0, 0], [0, 0, 0, 0, 0, 0], [0, 0, 0, 0, 0, 0], [3, 6, 9, 8, 0, 0, 1, 7, 9, 4, 1, 8, 3, 7, 5, 8, 6, 5, 1, 0, 2, 4, 2, 0, 6, 7, 9, 9, 4, 0, 1, 7, 3, 7, 3, 3, 5, 9, 9, 2, 8, 9, 0, 3, 7, 8, 5, 7, 9, 8, 5, 1, 4, 9, 0, 9]]",0.10482203627309557,"[1, 1, 1, 1, 3, 2, 1, 6, 2, 4, 2, 7, 4, 6, 6, 52]",6,(0.369*(1-0.800*(x[0]-31.7)|_div_|94.18)|_div_|(1+_exp_((33.7-x[0])|_div_|58.65)))*(1-_sig_(0.2*(x[0]-(10.24+32.0))))+0.679*(1-0.940)*_exp_((17.37+33.3-x[0])|_div_|59.92)|_div_|(1+_exp_((38.9-x[0])|_div_|03.78))*_sig_(0.2*(x[0]-(57.98+35.1))),"{'generation': 0, 'evals': 1, 'test_error': 0.0}"
64,"[[0], [0], [0], [0], [0, 0, 0], [0, 0], [0], [0, 0, 0, 0, 0, 0], [0, 0], [0, 1, 1, 1], [0, 0], [0, 0, 0, 0, 0, 0, 0, 0], [0, 0, 0, 0], [0, 0, 0, 0, 0, 0], [0, 0, 0, 0, 0, 0], [1, 1, 5, 8, 2, 1, 1, 3, 2, 6, 6, 2, 6, 7, 3, 7, 9, 2, 1, 0, 2, 7, 1, 3, 6, 3, 9, 9, 3, 0, 1, 0, 4, 6, 4, 9, 6, 6, 3, 0, 8, 2, 0, 3, 8, 6, 5, 7, 0, 8, 7, 9, 4, 9, 0, 9]]",0.1048248958666822,"[1, 1, 1, 1, 3, 2, 1, 6, 2, 4, 2, 7, 4, 6, 6, 52]",6,(0.115*(1-0.821*(x[0]-31.3)|_div_|26.62)|_div_|(1+_exp_((36.7-x[0])|_div_|37.92)))*(1-_sig_(0.2*(x[0]-(10.27+31.3))))+0.639*(1-0.930)*_exp_((10.46+34.9-x[0])|_div_|66.30)|_div_|(1+_exp_((38.2-x[0])|_div_|03.86))*_sig_(0.2*(x[0]-(57.08+37.9))),"{'generation': 0, 'evals': 1, 'test_error': 0.0}"
65,"[[0], [0], [0], [0], [0, 0, 0], [0, 0], [0], [0, 0, 0, 0, 0, 0], [0, 0], [2, 2, 2, 0], [0, 0], [0, 0, 0, 0, 0, 0, 0, 0], [0, 0, 0, 0], [0, 0, 0, 0, 0, 0], [0, 0, 0, 0, 0, 0], [2, 9, 5, 2, 4, 9, 1, 8, 8, 6, 0, 2, 6, 7, 3, 1, 1, 2, 1, 6, 9, 7, 3, 7, 0, 5, 3, 4, 3, 0, 1, 2, 2, 0, 4, 5, 6, 4, 9, 9, 8, 9, 2, 3, 8, 6, 0, 3, 6, 8, 6, 9, 4, 9, 0, 9]]",0.10482672493868421,"[1, 1, 1, 1, 3, 2, 1, 6, 2, 4, 2, 7, 4, 6, 6, 52]",6,(0.295*(1-0.249*(x[0]-31.8)|_div_|86.02)|_div_|(1+_exp_((36.7-x[0])|_div_|31.12)))*(1-_sig_(0.2*(x[0]-(16.97+33.7))))+0.053*(1-0.430)*_exp_((12.20+34.5-x[0])|_div_|64.99)|_div_|(1+_exp_((38.9-x[0])|_div_|23.86))*_sig_(0.2*(x[0]-(03.68+36.9))),"{'generation': 0, 'evals': 1, 'test_error': 0.0}"
66,"[[0], [0], [0], [0], [0, 0, 0], [0, 0], [0], [0, 0, 0, 0, 0, 0], [0, 0], [2, 2, 3, 1], [0, 0], [0, 0, 0, 0, 0, 0, 0, 0], [0, 0, 0, 0], [0, 0, 0, 0, 0, 0], [0, 0, 0, 0, 0, 0], [1, 0, 5, 5, 2, 1, 1, 7, 9, 2, 3, 6, 6, 7, 3, 4, 9, 2, 3, 1, 1, 4, 1, 0, 1, 5, 9, 9, 6, 2, 1, 0, 0, 6, 1, 7, 6, 6, 5, 3, 3, 2, 3, 3, 6, 8, 4, 7, 0, 4, 1, 9, 4, 9, 0, 9]]",0.10482756349836789,"[1, 1, 1, 1, 3, 2, 1, 6, 2, 4, 2, 8, 4, 6, 6, 56]",7,(0.105*(1-0.521*(x[0]-31.7)|_div_|92.36)|_div_|(1+_exp_((36.7-x[0])|_div_|34.92)))*(1-_sig_(0.2*(x[0]-(31.14+31.0))))+0.159*(1-0.962)*_exp_((10.06+31.7-66.53)|_div_|32.33)|_div_|(1+_exp_((36.8-x[0])|_div_|47.04))*_sig_(0.2*(x[0]-(19.49+30.9))),"{'generation': 0, 'evals': 1, 'test_error': 0.0}"
67,"[[0], [0], [0], [0], [0, 0, 0], [0, 0], [0], [0, 0, 0, 0, 0, 0], [0, 0], [1, 2, 0, 2], [0, 0], [0, 0, 0, 0, 0, 0, 0, 0], [0, 0, 0, 0], [0, 0, 0, 0, 0, 0], [0, 0, 0, 0, 0, 0], [6, 3, 8, 9, 1, 2, 5, 4, 9, 7, 9, 2, 2, 3, 3, 3, 2, 2, 6, 0, 2, 7, 8, 8, 7, 5, 4, 9, 8, 3, 9, 0, 8, 6, 4, 8, 9, 0, 3, 2, 8, 2, 0, 3, 7, 8, 6, 7, 0, 6, 5, 3, 4, 9, 0, 9]]",0.1048276042143083,"[1, 1, 1, 1, 3, 2, 1, 6, 2, 4, 2, 7, 4, 6, 6, 52]",6,(0.638*(1-0.912*(x[0]-35.4)|_div_|97.92)|_div_|(1+_exp_((32.3-x[0])|_div_|33.22)))*(1-_sig_(0.2*(x[0]-(60.27+38.8))))+0.754*(1-0.983)*_exp_((90.86+34.8-x[0])|_div_|90.32)|_div_|(1+_exp_((38.2-x[0])|_div_|03.78))*_sig_(0.2*(x[0]-(67.06+35.3))),"{'generation': 0, 'evals': 1, 'test_error': 0.0}"
68,"[[0], [0], [0], [0], [0, 0, 0], [0, 0], [0], [0, 0, 0, 0, 0, 0], [0, 0], [3, 1, 2, 0], [0, 0], [0, 0, 0, 0, 0, 0, 0, 0], [0, 0, 0, 0], [0, 0, 0, 0, 0, 0], [0, 0, 0, 0, 0, 0], [6, 2, 3, 1, 2, 2, 7, 8, 9, 7, 5, 6, 2, 8, 3, 9, 9, 3, 6, 0, 6, 9, 4, 7, 3, 6, 0, 9, 8, 4, 9, 0, 8, 6, 8, 4, 6, 2, 3, 1, 8, 8, 0, 3, 8, 1, 0, 0, 6, 6, 5, 4, 4, 9, 0, 9]]",0.10482763302273392,"[1, 1, 1, 1, 3, 2, 1, 6, 2, 4, 2, 8, 4, 6, 6, 56]",6,(0.623*(1-0.122*(78.97-35.6)|_div_|28.39)|_div_|(1+_exp_((39.3-x[0])|_div_|60.69)))*(1-_sig_(0.2*(x[0]-(47.36+30.9))))+0.849*(1-0.086)*_exp_((84.62+33.1-x[0])|_div_|88.03)|_div_|(1+_exp_((38.1-x[0])|_div_|00.66))*_sig_(0.2*(x[0]-(54.49+30.9))),"{'generation': 0, 'evals': 1, 'test_error': 0.0}"
69,"[[0], [0], [0], [0], [0, 0, 0], [0, 0], [0], [0, 0, 0, 0, 0, 0], [0, 0], [1, 2, 2, 2], [0, 0], [0, 0, 0, 0, 0, 0, 0, 0], [0, 0, 0, 0], [0, 0, 0, 0, 0, 0], [0, 0, 0, 0, 0, 0], [4, 2, 1, 0, 4, 7, 4, 1, 8, 7, 8, 6, 4, 9, 8, 8, 4, 9, 0, 2, 1, 0, 8, 3, 6, 4, 4, 9, 3, 5, 1, 0, 3, 1, 8, 4, 9, 2, 6, 0, 8, 2, 3, 3, 8, 3, 0, 5, 7, 8, 5, 2, 4, 9, 0, 9]]",0.10482769918571022,"[1, 1, 1, 1, 3, 2, 1, 6, 2, 4, 2, 7, 4, 6, 6, 52]",6,(0.421*(1-0.047*(x[0]-34.1)|_div_|87.86)|_div_|(1+_exp_((34.9-x[0])|_div_|88.49)))*(1-_sig_(0.2*(x[0]-(02.10+38.3))))+0.644*(1-0.935)*_exp_((10.31+38.4-x[0])|_div_|92.60)|_div_|(1+_exp_((38.2-x[0])|_div_|33.83))*_sig_(0.2*(x[0]-(05.78+35.2))),"{'generation': 0, 'evals': 1, 'test_error': 0.0}"
70,"[[0], [0], [0], [0], [0, 0, 0], [0, 0], [0], [0, 0, 0, 0, 0, 0], [0, 0], [2, 1, 0, 2], [0, 0], [0, 0, 0, 0, 0, 0, 0, 0], [0, 0, 0, 0], [0, 0, 0, 0, 0, 0], [0, 0, 0, 0, 0, 0], [1, 1, 5, 8, 2, 1, 2, 3, 9, 6, 3, 2, 6, 7, 3, 4, 9, 2, 1, 1, 3, 7, 2, 3, 6, 6, 4, 9, 3, 6, 1, 0, 3, 6, 2, 9, 6, 5, 4, 1, 8, 3, 3, 5, 8, 8, 0, 3, 3, 8, 5, 9, 4, 9, 0, 9]]",0.1048277037472524,"[1, 1, 1, 1, 3, 2, 1, 6, 2, 4, 2, 7, 4, 6, 6, 52]",6,(0.115*(1-0.821*(x[0]-32.3)|_div_|96.32)|_div_|(1+_exp_((36.7-x[0])|_div_|34.92)))*(1-_sig_(0.2*(x[0]-(11.37+32.3))))+0.664*(1-0.936)*_exp_((10.36+32.9-x[0])|_div_|65.41)|_div_|(1+_exp_((38.3-x[0])|_div_|35.88))*_sig_(0.2*(x[0]-(03.38+35.9))),"{'generation': 0, 'evals': 1, 'test_error': 0.0}"
71,"[[0], [0], [0], [0], [0, 0, 0], [0, 0], [0], [0, 0, 0, 0, 0, 0], [0, 0], [0, 2, 2, 1], [0, 0], [0, 0, 0, 0, 0, 0, 0, 0], [0, 0, 0, 0], [0, 0, 0, 0, 0, 0], [0, 0, 0, 0, 0, 0], [1, 0, 3, 3, 3, 6, 8, 6, 8, 6, 7, 4, 3, 6, 7, 8, 5, 0, 0, 7, 6, 7, 9, 8, 6, 5, 9, 9, 3, 1, 1, 0, 1, 5, 7, 2, 4, 4, 8, 4, 8, 9, 0, 7, 6, 0, 3, 3, 8, 8, 5, 4, 4, 9, 0, 9]]",0.10482774462667842,"[1, 1, 1, 1, 3, 2, 1, 6, 2, 4, 2, 7, 4, 6, 6, 52]",6,(0.103*(1-0.336*(x[0]-38.6)|_div_|86.74)|_div_|(1+_exp_((33.6-x[0])|_div_|78.50)))*(1-_sig_(0.2*(x[0]-(07.67+39.8))))+0.659*(1-0.931)*_exp_((10.15+37.2-x[0])|_div_|44.84)|_div_|(1+_exp_((38.9-x[0])|_div_|07.60))*_sig_(0.2*(x[0]-(33.88+35.4))),"{'generation': 0, 'evals': 1, 'test_error': 0.0}"
72,"[[0], [0], [0], [0], [0, 0, 0], [0, 0], [0], [0, 0, 0, 0, 0, 0], [0, 0], [2, 0, 0, 0], [0, 0], [0, 0, 0, 0, 0, 0, 0, 0], [0, 0, 0, 0], [0, 0, 0, 0, 0, 0], [0, 0, 0, 0, 0, 0], [4, 2, 6, 0, 9, 7, 4, 1, 8, 7, 8, 6, 4, 9, 8, 8, 8, 6, 0, 2, 1, 0, 8, 4, 6, 5, 4, 9, 2, 8, 1, 0, 3, 0, 6, 4, 6, 7, 1, 0, 4, 2, 4, 3, 5, 6, 0, 7, 5, 9, 0, 2, 4, 9, 0, 9]]",0.10482781935811829,"[1, 1, 1, 1, 3, 2, 1, 6, 2, 4, 2, 7, 4, 6, 6, 52]",6,(0.426*(1-0.097*(x[0]-34.1)|_div_|87.86)|_div_|(1+_exp_((34.9-x[0])|_div_|88.86)))*(1-_sig_(0.2*(x[0]-(02.10+38.4))))+0.654*(1-0.928)*_exp_((10.30+36.4-x[0])|_div_|67.10)|_div_|(1+_exp_((34.2-x[0])|_div_|43.56))*_sig_(0.2*(x[0]-(07.59+30.2))),"{'generation': 0, 'evals': 1, 'test_error': 0.0}"
73,"[[0], [0], [0], [0], [0, 0, 0], [0, 0], [0], [0, 0, 0, 0, 0, 0], [0, 0], [1, 0, 0, 2], [0, 0], [0, 0, 0, 0, 0, 0, 0, 0], [0, 0, 0, 0], [0, 0, 0, 0, 0, 0], [0, 0, 0, 0, 0, 0], [9, 3, 0, 2, 7, 3, 9, 0, 9, 1, 5, 0, 3, 6, 5, 2, 1, 4, 9, 8, 2, 8, 3, 0, 5, 8, 8, 9, 8, 3, 3, 2, 0, 5, 6, 9, 5, 0, 5, 2, 9, 9, 5, 3, 8, 0, 0, 4, 7, 7, 4, 4, 5, 3, 0, 9]]",0.1048278834201268,"[1, 1, 1, 1, 3, 2, 1, 6, 2, 4, 2, 7, 4, 6, 6, 52]",6,(0.930*(1-0.273*(x[0]-39.0)|_div_|91.50)|_div_|(1+_exp_((33.6-x[0])|_div_|52.14)))*(1-_sig_(0.2*(x[0]-(98.28+33.0))))+0.588*(1-0.983)*_exp_((32.05+36.9-x[0])|_div_|50.52)|_div_|(1+_exp_((39.9-x[0])|_div_|53.80))*_sig_(0.2*(x[0]-(04.77+34.4))),"{'generation': 0, 'evals': 1, 'test_error': 0.0}"
74,"[[0], [0], [0], [0], [0, 0, 0], [0, 0], [0], [0, 0, 0, 0, 0, 0], [0, 0], [0, 2, 0, 0], [0, 0], [0, 0, 0, 0, 0, 0, 0, 0], [0, 0, 0, 0], [0, 0, 0, 0, 0, 0], [0, 0, 0, 0, 0, 0], [1, 2, 6, 9, 7, 3, 2, 3, 3, 3, 9, 7, 5, 7, 3, 4, 9, 2, 0, 0, 3, 7, 4, 3, 6, 5, 7, 9, 3, 5, 3, 0, 3, 6, 4, 9, 2, 6, 3, 7, 8, 4, 0, 5, 9, 8, 4, 4, 0, 8, 0, 4, 4, 9, 0, 9]]",0.1048280105589146,"[1, 1, 1, 1, 3, 2, 1, 6, 2, 4, 2, 7, 4, 6, 6, 52]",6,(0.126*(1-0.973*(x[0]-32.3)|_div_|33.97)|_div_|(1+_exp_((35.7-x[0])|_div_|34.92)))*(1-_sig_(0.2*(x[0]-(00.37+34.3))))+0.657*(1-0.935)*_exp_((30.36+34.9-x[0])|_div_|26.37)|_div_|(1+_exp_((38.4-x[0])|_div_|05.98))*_sig_(0.2*(x[0]-(44.08+30.4))),"{'generation': 0, 'evals': 1, 'test_error': 0.0}"
75,"[[0], [0], [0], [0], [0, 0, 0], [0, 0], [0], [0, 0, 0, 0, 0, 0], [0, 0], [2, 0, 2, 1], [0, 0], [0, 0, 0, 0, 0, 0, 0, 0], [0, 0, 0, 0], [0, 0, 0, 0, 0, 0], [0, 0, 0, 0, 0, 0], [4, 9, 2, 0, 2, 8, 2, 6, 9, 7, 8, 6, 9, 1, 2, 8, 9, 8, 1, 0, 2, 6, 2, 6, 6, 2, 9, 9, 3, 0, 1, 0, 0, 6, 3, 9, 6, 9, 3, 5, 8, 2, 5, 3, 8, 8, 0, 7, 0, 8, 3, 9, 4, 9, 0, 9]]",0.10482810594278491,"[1, 1, 1, 1, 3, 2, 1, 6, 2, 4, 2, 7, 4, 6, 6, 52]",6,(0.492*(1-0.028*(x[0]-32.6)|_div_|97.86)|_div_|(1+_exp_((39.1-x[0])|_div_|28.98)))*(1-_sig_(0.2*(x[0]-(10.26+32.6))))+0.629*(1-0.930)*_exp_((10.06+33.9-x[0])|_div_|69.35)|_div_|(1+_exp_((38.2-x[0])|_div_|53.88))*_sig_(0.2*(x[0]-(07.08+33.9))),"{'generation': 0, 'evals': 1, 'test_error': 0.0}"
76,"[[0], [0], [0], [0], [0, 0, 0], [0, 0], [0], [0, 0, 0, 0, 0, 0], [0, 0], [1, 2, 2, 2], [0, 0], [0, 0, 0, 0, 0, 0, 0, 0], [0, 0, 0, 0], [0, 0, 0, 0, 0, 0], [0, 0, 0, 0, 0, 0], [4, 7, 4, 0, 9, 7, 4, 5, 8, 7, 8, 6, 8, 9, 8, 1, 8, 6, 0, 2, 7, 8, 8, 4, 6, 5, 4, 8, 3, 2, 1, 0, 3, 3, 8, 0, 6, 9, 1, 0, 6, 3, 7, 3, 9, 9, 0, 2, 5, 8, 5, 4, 4, 9, 0, 9]]",0.10482828566509922,"[1, 1, 1, 1, 3, 2, 1, 6, 2, 4, 2, 7, 4, 6, 6, 52]",6,(0.474*(1-0.097*(x[0]-34.5)|_div_|87.86)|_div_|(1+_exp_((38.9-x[0])|_div_|81.86)))*(1-_sig_(0.2*(x[0]-(02.78+38.4))))+0.654*(1-0.832)*_exp_((10.33+38.0-x[0])|_div_|69.10)|_div_|(1+_exp_((36.3-x[0])|_div_|73.99))*_sig_(0.2*(x[0]-(02.58+35.4))),"{'generation': 0, 'evals': 1, 'test_error': 0.0}"
77,"[[0], [0], [0], [0], [0, 0, 0], [0, 0], [0], [0, 0, 0, 0, 0, 0], [0, 0], [2, 1, 0, 1], [0, 0], [0, 0, 0, 0, 0, 0, 0, 0], [0, 0, 0, 0], [0, 0, 0, 0, 0, 0], [0, 0, 0, 0, 0, 0], [0, 2, 6, 2, 3, 7, 6, 6, 7, 6, 6, 6, 6, 8, 3, 4, 3, 6, 0, 0, 1, 7, 1, 4, 9, 5, 3, 9, 3, 0, 1, 0, 6, 2, 8, 9, 6, 8, 7, 8, 8, 4, 4, 3, 8, 6, 0, 7, 0, 8, 5, 8, 4, 9, 0, 9]]",0.10482829086795302,"[1, 1, 1, 1, 3, 2, 1, 6, 2, 4, 2, 7, 4, 6, 6, 52]",6,(0.026*(1-0.237*(x[0]-36.6)|_div_|76.66)|_div_|(1+_exp_((36.8-x[0])|_div_|34.36)))*(1-_sig_(0.2*(x[0]-(00.17+31.4))))+0.953*(1-0.930)*_exp_((10.62+38.9-x[0])|_div_|68.78)|_div_|(1+_exp_((38.4-x[0])|_div_|43.86))*_sig_(0.2*(x[0]-(07.08+35.8))),"{'generation': 0, 'evals': 1, 'test_error': 0.0}"
78,"[[0], [0], [0], [0], [0, 0, 0], [0, 0], [0], [0, 0, 0, 0, 0, 0], [0, 0], [2, 1, 0, 0], [0, 0], [0, 0, 0, 0, 0, 0, 0, 0], [0, 0, 0, 0], [0, 0, 0, 0, 0, 0], [0, 0, 0, 0, 0, 0], [4, 9, 7, 3, 3, 3, 8, 6, 8, 0, 9, 7, 3, 3, 4, 3, 6, 5, 2, 0, 1, 8, 2, 4, 6, 1, 9, 9, 3, 1, 1, 0, 1, 0, 8, 2, 6, 4, 0, 4, 7, 9, 7, 5, 9, 3, 0, 7, 9, 8, 5, 4, 4, 9, 0, 9]]",0.10482834832779248,"[1, 1, 1, 1, 3, 2, 1, 6, 2, 4, 2, 7, 4, 6, 6, 52]",6,(0.497*(1-0.333*(x[0]-38.6)|_div_|80.97)|_div_|(1+_exp_((33.3-x[0])|_div_|43.65)))*(1-_sig_(0.2*(x[0]-(20.18+32.4))))+0.619*(1-0.931)*_exp_((10.10+38.2-x[0])|_div_|64.04)|_div_|(1+_exp_((37.9-x[0])|_div_|75.93))*_sig_(0.2*(x[0]-(07.98+35.4))),"{'generation': 0, 'evals': 1, 'test_error': 0.0}"
79,"[[0], [0], [0], [0], [0, 0, 0], [0, 0], [0], [0, 0, 0, 0, 0, 0], [0, 0], [2, 3, 3, 0], [0, 0], [0, 0, 0, 0, 0, 0, 0, 0, 0], [0, 0, 0, 0], [0, 0, 0, 0, 0, 0], [0, 0, 0, 0, 0, 0], [0, 2, 5, 0, 5, 8, 2, 5, 9, 6, 9, 6, 7, 8, 3, 4, 9, 9, 2, 1, 2, 7, 7, 1, 6, 5, 4, 9, 3, 0, 0, 0, 5, 6, 7, 6, 6, 0, 0, 9, 8, 2, 0, 3, 6, 2, 0, 7, 0, 8, 5, 8, 4, 9, 0, 9, 4, 4, 4, 3]]",0.10482843290464579,"[1, 1, 1, 1, 3, 2, 1, 6, 2, 4, 2, 9, 4, 6, 6, 60]",7,(0.025*(1-0.058*(x[0]-32.5)|_div_|96.96)|_div_|(1+_exp_((37.8-34.99)|_div_|21.27)))*(1-_sig_(0.2*(x[0]-(71.65+34.9))))+0.300*(1-0.056)*_exp_((76.60+30.9-82.03)|_div_|62.07)|_div_|(1+_exp_((30.8-x[0])|_div_|58.49))*_sig_(0.2*(x[0]-(09.44+34.3))),"{'generation': 0, 'evals': 1, 'test_error': 0.0}"
80,"[[0], [0], [0], [0], [0, 0, 0], [0, 0], [0], [0, 0, 0, 0, 0, 0], [0, 0], [0, 2, 3, 3], [0, 0], [0, 0, 0, 0, 0, 0, 0, 0, 0], [0, 0, 0, 0], [0, 0, 0, 0, 0, 0], [0, 0, 0, 0, 0, 0], [4, 2, 4, 2, 6, 7, 8, 6, 6, 0, 1, 4, 9, 8, 8, 8, 8, 5, 0, 1, 7, 7, 6, 4, 6, 5, 4, 2, 3, 2, 1, 0, 3, 5, 8, 4, 6, 2, 1, 0, 8, 2, 0, 2, 8, 9, 0, 3, 0, 4, 5, 3, 4, 9, 0, 9, 8, 2, 2, 9]]",0.10482843562908818,"[1, 1, 1, 1, 3, 2, 1, 6, 2, 4, 2, 9, 4, 6, 6, 60]",7,(0.424*(1-0.267*(x[0]-38.6)|_div_|60.14)|_div_|(1+_exp_((39.8-x[0])|_div_|88.85)))*(1-_sig_(0.2*(x[0]-(01.77+36.4))))+0.654*(1-0.232)*_exp_((10.35+38.4-62.10)|_div_|82.02)|_div_|(1+_exp_((38.9-03.04)|_div_|53.49))*_sig_(0.2*(x[0]-(09.82+32.9))),"{'generation': 0, 'evals': 1, 'test_error': 0.0}"
81,"[[0], [0], [0], [0], [0, 0, 0], [0, 0], [0], [0, 0, 0, 0, 0, 0], [0, 0], [1, 2, 0, 2], [0, 0], [0, 0, 0, 0, 0, 0, 0, 0], [0, 0, 0, 0], [0, 0, 0, 0, 0, 0], [0, 0, 0, 0, 0, 0], [0, 4, 7, 2, 7, 5, 3, 9, 8, 2, 4, 7, 6, 9, 5, 7, 7, 5, 5, 1, 5, 0, 5, 3, 4, 8, 2, 2, 7, 1, 4, 8, 0, 1, 7, 0, 6, 0, 2, 4, 7, 6, 8, 3, 8, 6, 0, 2, 0, 2, 4, 3, 5, 3, 0, 9]]",0.10482844400075153,"[1, 1, 1, 1, 3, 2, 1, 6, 2, 4, 2, 7, 4, 6, 6, 52]",6,(0.047*(1-0.275*(x[0]-33.9)|_div_|82.47)|_div_|(1+_exp_((36.9-x[0])|_div_|57.75)))*(1-_sig_(0.2*(x[0]-(51.50+35.3))))+0.482*(1-0.271)*_exp_((48.01+37.0-x[0])|_div_|60.24)|_div_|(1+_exp_((37.6-x[0])|_div_|83.86))*_sig_(0.2*(x[0]-(02.02+34.3))),"{'generation': 0, 'evals': 1, 'test_error': 0.0}"
82,"[[0], [0], [0], [0], [0, 0, 0], [0, 0], [0], [0, 0, 0, 0, 0, 0], [0, 0], [0, 0, 1, 2], [0, 0], [0, 0, 0, 0, 0, 0, 0, 0], [0, 0, 0, 0], [0, 0, 0, 0, 0, 0], [0, 0, 0, 0, 0, 0], [7, 8, 7, 2, 7, 5, 3, 9, 6, 1, 9, 0, 6, 6, 8, 2, 3, 0, 7, 6, 8, 0, 5, 0, 5, 3, 8, 7, 4, 1, 5, 0, 0, 6, 1, 0, 6, 0, 2, 4, 2, 9, 5, 3, 8, 6, 0, 8, 0, 7, 4, 4, 5, 3, 0, 9]]",0.10482844796860534,"[1, 1, 1, 1, 3, 2, 1, 6, 2, 4, 2, 7, 4, 6, 6, 52]",6,(0.787*(1-0.275*(x[0]-33.9)|_div_|61.90)|_div_|(1+_exp_((36.6-x[0])|_div_|82.30)))*(1-_sig_(0.2*(x[0]-(76.80+35.0))))+0.538*(1-0.741)*_exp_((50.06+31.0-x[0])|_div_|60.24)|_div_|(1+_exp_((32.9-x[0])|_div_|53.86))*_sig_(0.2*(x[0]-(08.07+34.4))),"{'generation': 0, 'evals': 1, 'test_error': 0.0}"
83,"[[0], [0], [0], [0], [0, 0, 0], [0, 0], [0], [0, 0, 0, 0, 0, 0], [0, 0], [2, 1, 0, 1], [0, 0], [0, 0, 0, 0, 0, 0, 0, 0], [0, 0, 0, 0], [0, 0, 0, 0, 0, 0], [0, 0, 0, 0, 0, 0], [0, 0, 7, 5, 5, 7, 3, 9, 6, 5, 4, 1, 6, 9, 9, 2, 9, 4, 7, 5, 6, 0, 0, 3, 5, 5, 2, 1, 9, 1, 8, 9, 1, 6, 2, 7, 6, 0, 9, 6, 3, 7, 7, 3, 8, 6, 0, 2, 0, 0, 4, 0, 5, 3, 0, 9]]",0.10482846452042455,"[1, 1, 1, 1, 3, 2, 1, 6, 2, 4, 2, 7, 4, 6, 6, 52]",6,(0.007*(1-0.557*(x[0]-33.9)|_div_|65.41)|_div_|(1+_exp_((36.9-x[0])|_div_|92.94)))*(1-_sig_(0.2*(x[0]-(75.60+30.3))))+0.552*(1-0.191)*_exp_((89.16+32.7-x[0])|_div_|60.96)|_div_|(1+_exp_((33.7-x[0])|_div_|73.86))*_sig_(0.2*(x[0]-(02.00+34.0))),"{'generation': 0, 'evals': 1, 'test_error': 0.0}"
84,"[[0], [0], [0], [0], [0, 0, 0], [0, 0], [0], [0, 0, 0, 0, 0, 0], [0, 0], [3, 1, 0, 0], [0, 0], [0, 0, 0, 0, 0, 0, 0, 0], [0, 0, 0, 0], [0, 0, 0, 0, 0, 0], [0, 0, 0, 0, 0, 0], [1, 6, 5, 9, 8, 0, 4, 9, 9, 1, 9, 7, 4, 7, 2, 4, 6, 2, 2, 6, 2, 4, 1, 3, 6, 7, 9, 9, 3, 6, 1, 7, 3, 3, 4, 9, 6, 6, 5, 2, 8, 4, 8, 7, 7, 8, 5, 9, 5, 8, 1, 9, 4, 9, 0, 9]]",0.10482846555622628,"[1, 1, 1, 1, 3, 2, 1, 6, 2, 4, 2, 8, 4, 6, 6, 56]",6,(0.165*(1-0.980*(49.91-39.7)|_div_|47.24)|_div_|(1+_exp_((36.2-x[0])|_div_|26.24)))*(1-_sig_(0.2*(x[0]-(13.67+39.9))))+0.361*(1-0.733)*_exp_((49.66+35.2-x[0])|_div_|84.87)|_div_|(1+_exp_((37.8-x[0])|_div_|59.58))*_sig_(0.2*(x[0]-(19.49+30.9))),"{'generation': 0, 'evals': 1, 'test_error': 0.0}"
85,"[[0], [0], [0], [0], [0, 0, 0], [0, 0], [0], [0, 0, 0, 0, 0, 0], [0, 0], [0, 2, 1, 2], [0, 0], [0, 0, 0, 0, 0, 0, 0, 0], [0, 0, 0, 0], [0, 0, 0, 0, 0, 0], [0, 0, 0, 0, 0, 0], [2, 1, 5, 7, 2, 7, 8, 9, 4, 2, 7, 1, 4, 4, 9, 4, 3, 2, 1, 0, 7, 2, 4, 9, 6, 5, 5, 9, 3, 3, 2, 2, 6, 1, 4, 6, 6, 7, 6, 9, 8, 4, 3, 3, 8, 4, 2, 5, 4, 0, 1, 0, 4, 9, 0, 9]]",0.1048284682389311,"[1, 1, 1, 1, 3, 2, 1, 6, 2, 4, 2, 7, 4, 6, 6, 52]",6,(0.215*(1-0.727*(x[0]-38.9)|_div_|42.71)|_div_|(1+_exp_((34.4-x[0])|_div_|94.32)))*(1-_sig_(0.2*(x[0]-(10.72+34.9))))+0.655*(1-0.933)*_exp_((22.61+34.6-x[0])|_div_|67.69)|_div_|(1+_exp_((38.4-x[0])|_div_|33.84))*_sig_(0.2*(x[0]-(25.40+31.0))),"{'generation': 0, 'evals': 1, 'test_error': 0.0}"
86,"[[0], [0], [0], [0], [0, 0, 0], [0, 0], [0], [0, 0, 0, 0, 0, 0], [0, 0], [1, 0, 1, 0], [0, 0], [0, 0, 0, 0, 0, 0, 0, 0], [0, 0, 0, 0], [0, 0, 0, 0, 0, 0], [0, 0, 0, 0, 0, 0], [2, 5, 5, 7, 4, 9, 8, 5, 6, 3, 7, 1, 6, 9, 4, 8, 3, 1, 1, 0, 9, 0, 4, 5, 6, 4, 3, 5, 3, 9, 2, 1, 8, 1, 8, 0, 3, 8, 3, 9, 8, 4, 9, 3, 3, 7, 0, 5, 3, 4, 4, 5, 4, 9, 0, 9]]",0.10482846836085503,"[1, 1, 1, 1, 3, 2, 1, 6, 2, 4, 2, 7, 4, 6, 6, 52]",6,(0.255*(1-0.749*(x[0]-38.5)|_div_|63.71)|_div_|(1+_exp_((36.9-x[0])|_div_|48.31)))*(1-_sig_(0.2*(x[0]-(10.90+34.5))))+0.643*(1-0.539)*_exp_((21.81+38.0-x[0])|_div_|38.39)|_div_|(1+_exp_((38.4-x[0])|_div_|93.37))*_sig_(0.2*(x[0]-(05.34+34.5))),"{'generation': 0, 'evals': 1, 'test_error': 0.0}"
87,"[[0], [0], [0], [0], [0, 0, 0], [0, 0], [0], [0, 0, 0, 0, 0, 0], [0, 0], [2, 1, 0, 2], [0, 0], [0, 0, 0, 0, 0, 0, 0, 0], [0, 0, 0, 0], [0, 0, 0, 0, 0, 0], [0, 0, 0, 0, 0, 0], [1, 1, 5, 8, 2, 8, 1, 6, 9, 6, 9, 6, 6, 7, 9, 4, 8, 9, 3, 0, 2, 4, 1, 9, 9, 2, 5, 9, 7, 0, 1, 6, 1, 8, 4, 9, 0, 6, 3, 7, 8, 2, 0, 3, 8, 8, 4, 7, 0, 8, 4, 9, 4, 9, 0, 9]]",0.10482847529544757,"[1, 1, 1, 1, 3, 2, 1, 6, 2, 4, 2, 7, 4, 6, 6, 52]",6,(0.115*(1-0.828*(x[0]-31.6)|_div_|96.96)|_div_|(1+_exp_((36.7-x[0])|_div_|94.89)))*(1-_sig_(0.2*(x[0]-(30.24+31.9))))+0.925*(1-0.970)*_exp_((16.18+34.9-x[0])|_div_|06.37)|_div_|(1+_exp_((38.2-x[0])|_div_|03.88))*_sig_(0.2*(x[0]-(47.08+34.9))),"{'generation': 0, 'evals': 1, 'test_error': 0.0}"
88,"[[0], [0], [0], [0], [0, 0, 0], [0, 0], [0], [0, 0, 0, 0, 0, 0], [0, 0], [3, 2, 2, 0], [0, 0], [0, 0, 0, 0, 0, 0, 0, 0], [0, 0, 0, 0], [0, 0, 0, 0, 0, 0], [0, 0, 0, 0, 0, 0], [2, 1, 1, 3, 2, 1, 1, 3, 9, 6, 3, 3, 6, 7, 3, 2, 0, 4, 1, 0, 4, 3, 4, 0, 6, 5, 3, 9, 3, 3, 1, 5, 8, 1, 4, 8, 6, 4, 3, 9, 8, 2, 0, 3, 2, 8, 0, 6, 0, 0, 6, 9, 4, 9, 0, 9]]",0.10482848071373964,"[1, 1, 1, 1, 3, 2, 1, 6, 2, 4, 2, 8, 4, 6, 6, 56]",6,(0.211*(1-0.321*(13.96-33.3)|_div_|67.32)|_div_|(1+_exp_((30.4-x[0])|_div_|10.43)))*(1-_sig_(0.2*(x[0]-(40.65+33.9))))+0.331*(1-0.581)*_exp_((48.64+33.9-x[0])|_div_|82.03)|_div_|(1+_exp_((32.8-x[0])|_div_|06.00))*_sig_(0.2*(x[0]-(69.49+30.9))),"{'generation': 0, 'evals': 1, 'test_error': 0.0}"
89,"[[0], [0], [0], [0], [0, 0, 0], [0, 0], [0], [0, 0, 0, 0, 0, 0], [0, 0], [3, 1, 0, 1], [0, 0], [0, 0, 0, 0, 0, 0, 0, 0], [0, 0, 0, 0], [0, 0, 0, 0, 0, 0], [0, 0, 0, 0, 0, 0], [2, 3, 3, 9, 3, 3, 8, 6, 8, 7, 3, 4, 6, 7, 7, 8, 5, 0, 9, 4, 1, 7, 9, 1, 5, 5, 9, 9, 4, 1, 1, 0, 3, 2, 8, 6, 5, 4, 8, 4, 8, 9, 7, 3, 8, 8, 0, 7, 2, 8, 5, 9, 4, 9, 0, 9]]",0.10482848170439545,"[1, 1, 1, 1, 3, 2, 1, 6, 2, 4, 2, 8, 4, 6, 6, 56]",6,(0.233*(1-0.933*(86.87-33.4)|_div_|67.78)|_div_|(1+_exp_((35.0-x[0])|_div_|94.17)))*(1-_sig_(0.2*(x[0]-(91.55+39.9))))+0.411*(1-0.032)*_exp_((86.54+38.4-x[0])|_div_|89.73)|_div_|(1+_exp_((38.8-x[0])|_div_|07.28))*_sig_(0.2*(x[0]-(59.49+30.9))),"{'generation': 0, 'evals': 1, 'test_error': 0.0}"
90,"[[0], [0], [0], [0], [0, 0, 0], [0, 0], [0], [0, 0, 0, 0, 0, 0], [0, 0], [1, 3, 1, 2], [0, 0], [0, 0, 0, 0, 0, 0, 0, 0], [0, 0, 0, 0], [0, 0, 0, 0, 0, 0], [0, 0, 0, 0, 0, 0], [9, 4, 3, 3, 3, 3, 7, 6, 8, 7, 7, 8, 3, 5, 7, 8, 5, 0, 0, 0, 6, 6, 9, 8, 6, 8, 9, 9, 8, 1, 1, 0, 3, 5, 4, 2, 5, 0, 7, 4, 8, 9, 0, 6, 8, 9, 0, 7, 2, 9, 5, 9, 4, 9, 0, 9]]",0.10482848222035628,"[1, 1, 1, 1, 3, 2, 1, 6, 2, 4, 2, 8, 4, 6, 6, 56]",7,(0.943*(1-0.333*(x[0]-37.6)|_div_|87.78)|_div_|(1+_exp_((33.5-78.50)|_div_|00.66)))*(1-_sig_(0.2*(x[0]-(98.68+39.9))))+0.811*(1-0.035)*_exp_((42.50+37.4-x[0])|_div_|89.06)|_div_|(1+_exp_((38.9-x[0])|_div_|07.29))*_sig_(0.2*(x[0]-(59.49+30.9))),"{'generation': 0, 'evals': 1, 'test_error': 0.0}"
91,"[[0], [0], [0], [0], [0, 0, 0], [0, 0], [0], [0, 0, 0, 0, 0, 0], [0, 0], [2, 1, 0, 1], [0, 0], [0, 0, 0, 0, 0, 0, 0, 0], [0, 0, 0, 0], [0, 0, 0, 0, 0, 0], [0, 0, 0, 0, 0, 0], [4, 3, 3, 7, 3, 3, 6, 6, 8, 0, 4, 6, 3, 1, 8, 8, 6, 1, 0, 0, 1, 3, 6, 4, 6, 6, 9, 5, 3, 4, 1, 0, 3, 5, 8, 2, 7, 5, 1, 2, 6, 3, 0, 3, 8, 9, 8, 7, 0, 8, 5, 8, 4, 9, 0, 9]]",0.10482848235523497,"[1, 1, 1, 1, 3, 2, 1, 6, 2, 4, 2, 7, 4, 6, 6, 52]",6,(0.433*(1-0.733*(x[0]-36.6)|_div_|80.46)|_div_|(1+_exp_((33.1-x[0])|_div_|88.61)))*(1-_sig_(0.2*(x[0]-(00.13+36.4))))+0.669*(1-0.534)*_exp_((10.35+38.2-x[0])|_div_|75.12)|_div_|(1+_exp_((36.3-x[0])|_div_|03.89))*_sig_(0.2*(x[0]-(87.08+35.8))),"{'generation': 0, 'evals': 1, 'test_error': 0.0}"
92,"[[0], [0], [0], [0], [0, 0, 0], [0, 0], [0], [0, 0, 0, 0, 0, 0], [0, 0], [2, 1, 1, 2], [0, 0], [0, 0, 0, 0, 0, 0, 0, 0], [0, 0, 0, 0], [0, 0, 0, 0, 0, 0], [0, 0, 0, 0, 0, 0], [6, 1, 8, 0, 4, 4, 1, 7, 9, 7, 9, 2, 2, 9, 0, 4, 6, 3, 0, 0, 2, 2, 6, 6, 6, 5, 0, 9, 3, 0, 1, 5, 1, 6, 4, 5, 6, 9, 3, 2, 1, 1, 0, 3, 8, 9, 8, 7, 6, 6, 9, 9, 4, 9, 0, 9]]",0.10482848258547338,"[1, 1, 1, 1, 3, 2, 1, 6, 2, 4, 2, 7, 4, 6, 6, 52]",6,(0.618*(1-0.044*(x[0]-31.7)|_div_|97.92)|_div_|(1+_exp_((32.9-x[0])|_div_|04.63)))*(1-_sig_(0.2*(x[0]-(00.22+36.6))))+0.650*(1-0.930)*_exp_((15.16+34.5-x[0])|_div_|69.32)|_div_|(1+_exp_((31.1-x[0])|_div_|03.89))*_sig_(0.2*(x[0]-(87.66+39.9))),"{'generation': 0, 'evals': 1, 'test_error': 0.0}"
93,"[[0], [0], [0], [0], [0, 0, 0], [0, 0], [0], [0, 0, 0, 0, 0, 0], [0, 0], [2, 2, 3, 0], [0, 0], [0, 0, 0, 0, 0, 0, 0, 0], [0, 0, 0, 0], [0, 0, 0, 0, 0, 0], [0, 0, 0, 0, 0, 0], [0, 3, 8, 0, 2, 1, 4, 3, 3, 7, 9, 6, 2, 7, 3, 2, 2, 2, 3, 0, 2, 2, 6, 6, 6, 5, 6, 9, 3, 0, 1, 5, 2, 6, 4, 0, 6, 5, 4, 2, 8, 2, 0, 3, 8, 8, 5, 7, 0, 6, 5, 0, 4, 9, 0, 9]]",0.10482848332737706,"[1, 1, 1, 1, 3, 2, 1, 6, 2, 4, 2, 8, 4, 6, 6, 56]",7,(0.038*(1-0.021*(x[0]-34.3)|_div_|37.96)|_div_|(1+_exp_((32.7-x[0])|_div_|32.22)))*(1-_sig_(0.2*(x[0]-(30.22+36.6))))+0.656*(1-0.930)*_exp_((15.26+34.0-65.42)|_div_|82.03)|_div_|(1+_exp_((38.8-x[0])|_div_|57.06))*_sig_(0.2*(x[0]-(50.49+30.9))),"{'generation': 0, 'evals': 1, 'test_error': 0.0}"
94,"[[0], [0], [0], [0], [0, 0, 0], [0, 0], [0], [0, 0, 0, 0, 0, 0], [0, 0], [1, 2, 0, 3], [0, 0], [0, 0, 0, 0, 0, 0, 0, 0], [0, 0, 0, 0], [0, 0, 0, 0, 0, 0], [0, 0, 0, 0, 0, 0], [0, 6, 5, 1, 3, 1, 8, 2, 4, 6, 9, 8, 4, 2, 3, 2, 6, 6, 3, 6, 8, 2, 1, 5, 6, 5, 9, 9, 5, 1, 1, 0, 0, 1, 8, 4, 1, 0, 1, 7, 8, 7, 0, 3, 9, 7, 0, 7, 0, 7, 5, 8, 4, 9, 0, 9]]",0.104828483669399,"[1, 1, 1, 1, 3, 2, 1, 6, 2, 4, 2, 8, 4, 6, 6, 56]",7,(0.065*(1-0.131*(x[0]-38.2)|_div_|46.98)|_div_|(1+_exp_((34.2-x[0])|_div_|32.66)))*(1-_sig_(0.2*(x[0]-(36.82+31.5))))+0.659*(1-0.951)*_exp_((10.01+38.4-x[0])|_div_|10.17)|_div_|(1+_exp_((38.7-03.97)|_div_|07.07))*_sig_(0.2*(x[0]-(58.49+30.9))),"{'generation': 0, 'evals': 1, 'test_error': 0.0}"
95,"[[0], [0], [0], [0], [0, 0, 0], [0, 0], [0], [0, 0, 0, 0, 0, 0], [0, 0], [3, 1, 0, 1], [0, 0], [0, 0, 0, 0, 0, 0, 0, 0], [0, 0, 0, 0], [0, 0, 0, 0, 0, 0], [0, 0, 0, 0, 0, 0], [2, 3, 8, 0, 8, 1, 4, 2, 4, 7, 9, 6, 2, 8, 3, 9, 2, 5, 6, 0, 1, 3, 1, 5, 7, 9, 0, 9, 8, 8, 8, 2, 5, 6, 8, 8, 6, 6, 3, 0, 1, 2, 0, 2, 8, 8, 0, 7, 0, 6, 5, 9, 4, 9, 0, 9]]",0.10482848367215912,"[1, 1, 1, 1, 3, 2, 1, 6, 2, 4, 2, 8, 4, 6, 6, 56]",6,(0.238*(1-0.081*(42.47-39.6)|_div_|28.39)|_div_|(1+_exp_((32.5-x[0])|_div_|60.13)))*(1-_sig_(0.2*(x[0]-(15.79+30.9))))+0.888*(1-0.256)*_exp_((88.66+33.0-x[0])|_div_|12.02)|_div_|(1+_exp_((38.8-x[0])|_div_|07.06))*_sig_(0.2*(x[0]-(59.49+30.9))),"{'generation': 0, 'evals': 1, 'test_error': 0.0}"
96,"[[0], [0], [0], [0], [0, 0, 0], [0, 0], [0], [0, 0, 0, 0, 0, 0], [0, 0], [0, 2, 1, 2], [0, 0], [0, 0, 0, 0, 0, 0, 0, 0], [0, 0, 0, 0], [0, 0, 0, 0, 0, 0], [0, 0, 0, 0, 0, 0], [6, 3, 8, 0, 2, 2, 1, 8, 9, 2, 5, 6, 8, 8, 7, 9, 9, 5, 6, 0, 0, 5, 6, 1, 7, 6, 0, 7, 8, 6, 9, 0, 4, 6, 8, 6, 0, 8, 3, 0, 8, 2, 0, 3, 8, 9, 8, 3, 2, 4, 5, 9, 4, 9, 0, 9]]",0.10482848367219047,"[1, 1, 1, 1, 3, 2, 1, 6, 2, 4, 2, 7, 4, 6, 6, 52]",6,(0.638*(1-0.022*(x[0]-31.8)|_div_|92.56)|_div_|(1+_exp_((38.8-x[0])|_div_|79.95)))*(1-_sig_(0.2*(x[0]-(60.05+36.1))))+0.760*(1-0.786)*_exp_((90.46+38.6-x[0])|_div_|08.30)|_div_|(1+_exp_((38.2-x[0])|_div_|03.89))*_sig_(0.2*(x[0]-(83.24+35.9))),"{'generation': 0, 'evals': 1, 'test_error': 0.0}"
97,"[[0], [0], [0], [0], [0, 0, 0], [0, 0], [0], [0, 0, 0, 0, 0, 0], [0, 0], [2, 1, 0, 1], [0, 0], [0, 0, 0, 0, 0, 0, 0, 0], [0, 0, 0, 0], [0, 0, 0, 0, 0, 0], [0, 0, 0, 0, 0, 0], [1, 1, 5, 8, 2, 3, 6, 3, 0, 6, 9, 6, 4, 7, 3, 4, 2, 4, 9, 0, 2, 7, 1, 1, 5, 2, 9, 9, 3, 0, 0, 0, 9, 6, 4, 1, 6, 6, 3, 9, 8, 2, 0, 3, 8, 0, 0, 7, 0, 8, 5, 9, 4, 9, 0, 9]]",0.11040854545821581,"[1, 1, 1, 1, 3, 2, 1, 6, 2, 4, 2, 7, 4, 6, 6, 52]",6,(0.115*(1-0.823*(x[0]-36.3)|_div_|06.96)|_div_|(1+_exp_((34.7-x[0])|_div_|34.24)))*(1-_sig_(0.2*(x[0]-(90.27+31.1))))+0.529*(1-0.930)*_exp_((00.96+34.1-x[0])|_div_|66.39)|_div_|(1+_exp_((38.2-x[0])|_div_|03.80))*_sig_(0.2*(x[0]-(07.08+35.9))),"{'generation': 0, 'evals': 1, 'test_error': 0.0}"
98,"[[0], [0], [0], [0], [0, 0, 0], [0, 0], [0], [0, 0, 0, 0, 0, 0], [0, 0], [2, 2, 2, 0], [0, 0], [0, 0, 0, 0, 0, 0, 0, 0], [0, 0, 0, 0], [0, 0, 0, 0, 0, 0], [0, 0, 0, 0, 0, 0], [9, 1, 3, 7, 2, 1, 1, 4, 9, 6, 9, 2, 4, 7, 4, 1, 4, 2, 5, 0, 2, 7, 7, 5, 6, 5, 3, 9, 3, 0, 1, 8, 8, 1, 4, 1, 8, 4, 0, 9, 8, 2, 0, 3, 5, 8, 0, 5, 5, 9, 6, 9, 4, 9, 0, 9]]",0.12332094013931792,"[1, 1, 1, 1, 3, 2, 1, 6, 2, 4, 2, 7, 4, 6, 6, 52]",6,(0.913*(1-0.721*(x[0]-31.4)|_div_|96.92)|_div_|(1+_exp_((34.7-x[0])|_div_|41.42)))*(1-_sig_(0.2*(x[0]-(50.27+37.5))))+0.653*(1-0.930)*_exp_((18.81+34.1-x[0])|_div_|84.09)|_div_|(1+_exp_((38.2-x[0])|_div_|03.58))*_sig_(0.2*(x[0]-(05.59+36.9))),"{'generation': 0, 'evals': 1, 'test_error': 0.0}"
99,"[[0], [0], [0], [0], [0, 0, 0], [0, 0], [0], [0, 0, 0, 0, 0, 0], [0, 0], [0, 2, 0, 2], [0, 0], [0, 0, 0, 0, 0, 0, 0, 0], [0, 0, 0, 0], [0, 0, 0, 0, 0, 0], [0, 0, 0, 0, 0, 0], [1, 2, 8, 0, 7, 7, 3, 3, 9, 7, 3, 6, 1, 7, 3, 4, 2, 2, 3, 0, 2, 2, 2, 6, 3, 5, 0, 9, 7, 1, 1, 5, 8, 5, 4, 8, 6, 9, 3, 2, 8, 2, 0, 2, 8, 5, 0, 7, 0, 6, 5, 9, 4, 9, 0, 9]]",0.46672029186922126,"[1, 1, 1, 1, 3, 2, 1, 6, 2, 4, 2, 7, 4, 6, 6, 52]",6,(0.128*(1-0.077*(x[0]-33.3)|_div_|97.36)|_div_|(1+_exp_((31.7-x[0])|_div_|34.22)))*(1-_sig_(0.2*(x[0]-(30.22+32.6))))+0.350*(1-0.971)*_exp_((15.85+34.8-x[0])|_div_|69.32)|_div_|(1+_exp_((38.2-x[0])|_div_|02.85))*_sig_(0.2*(x[0]-(07.06+35.9))),"{'generation': 0, 'evals': 1, 'test_error': 0.0}"
